TimeStample;R1;R2;R3;R4;R5;R6;R7;R8;R9;R10;R11;R12;R13;R14;R15;R16;R17;R18;R19;R20;R21;R22;R23;R24;R25;R26;R27;R28;R29;R30;R31;R32;R33;R34;R35;R36;R37;R38;R39
25-01-2019 00:00;0;0;0;0;0;0;0;0;0;0;0;0;0;0;0;0;0;0;0;0;0;0;0;0;0;0;0;0;0;0;0;0;0;0;0;0;0;0;0
25-01-2019 01:00;0;0;0;0;0;0;0;0;0;0;0;0;0;0;0;0;0;0;0;0;0;0;0;0;0;0;0;0;0;0;0;0;0;0;0;0;0;0;0
25-01-2019 02:00;0;0;0;0;0;0;0;0;0;0;0;0;0;0;0;0;0;0;0;0;0;0;0;0;0;0;0;0;0;0;0;0;0;0;0;0;0;0;0
25-01-2019 03:00;0;0;0;0;0;0;0;0;0;0;0;0;0;0;0;0;0;0;0;0;0;0;0;0;0;0;0;0;0;0;0;0;0;0;0;0;0;0;0
25-01-2019 04:00;0;0;0;0;0;0;0;0;0;0;0;0;0;0;0;0;0;0;0;0;0;0;0;0;0;0;0;0;0;0;0;0;0;0;0;0;0;0;0
25-01-2019 05:00;0;0;0;0;0;0;0;0;0;0;0;0;0;0;0;0;0;0;0;0;0;0;0;0;0;0;0;0;0;0;0;0;0;0;0;0;0;0;0
25-01-2019 06:00;0;0;0;0;0;0;0;0;0;0;0;0;0;0;0;0;0;0;0;0;0;0;0;0;0;0;0;0;0;0;0;0;0;0;0;0;0;0;0
25-01-2019 07:00;0;0;0;0;0;0;0;0;0;0;0;0;0;0;0;0;0;0;0;0;0;0;0;0;0;0;0;0;0;0;0;0;0;0;0;0;0;0;0
25-01-2019 08:00;0;0;0;0;0;0;0;0;0;0;0;0;0;0;0;0;0;0;0;0;0;0;0;0;0;0;0;0;0;0;0;0;0;0;0;0;0;0;0
25-01-2019 09:00;0;0;0;0;0;0;0;0;0;0;0;0;0;0;0;0;0;0;0;0;0;0;0;0;0;0;0;0;0;0;0;0;0;0;0;0;0;0;0
25-01-2019 10:00;0;0;0;0;0;0;0;0;0;0;0;0;0;0;0;0;0;0;0;0;0;0;0;0;0;0;0;0;0;0;0;0;0;0;0;0;0;0;0
25-01-2019 11:00;0;0;0;0;0;0;0;0;0;0;0;0;0;0;0;0;0;0;0;0;0;0;0;0;0;0;0;0;0;0;0;0;0;0;0;0;0;0;0
25-01-2019 12:00;0;0;0;0;0;0;0;0;0;0;0;0;0;0;0;0;0;0;0;0;0;0;0;0;0;0;0;0;0;0;0;0;0;0;0;0;0;0;0
25-01-2019 13:00;0;0;0;0;0;0;0;0;0;0;0;0;0;0;0;0;0;0;0;0;0;0;0;0;0;0;0;0;0;0;0;0;0;0;0;0;0;0;0
25-01-2019 14:00;0;0;0;0;0;0;0;0;0;0;0;0;0;0;0;0;0;0;0;0;0;0;0;0;0;0;0;0;0;0;0;0;0;0;0;0;0;0;0
25-01-2019 15:00;0;0;0;0;0;0;0;0;0;0;0;0;0;0;0;0;0;0;0;0;0;0;0;0;0;0;0;0;0;0;0;0;0;0;0;0;0;0;0
25-01-2019 16:00;0;0;0;0;0;0;0;0;0;0;0;0;0;0;0;0;0;0;0;0;0;0;0;0;0;0;0;0;0;0;0;0;0;0;0;0;0;0;0
25-01-2019 17:00;0;0;0;0;0;0;0;0;0;0;0;0;0;0;0;0;0;0;0;0;0;0;0;0;0;0;0;0;0;0;0;0;0;0;0;0;0;0;0
25-01-2019 18:00;0;0;0;0;0;0;0;0;0;0;0;0;0;0;0;0;0;0;0;0;0;0;0;0;0;0;0;0;0;0;0;0;0;0;0;0;0;0;0
25-01-2019 19:00;0;0;0;0;0;0;0;0;0;0;0;0;0;0;0;0;0;0;0;0;0;0;0;0;0;0;0;0;0;0;0;0;0;0;0;0;0;0;0
25-01-2019 20:00;0;0;0;0;0;0;0;0;0;0;0;0;0;0;0;0;0;0;0;0;0;0;0;0;0;0;0;0;0;0;0;0;0;0;0;0;0;0;0
25-01-2019 21:00;0;0;0;0;0;0;0;0;0;0;0;0;0;0;0;0;0;0;0;0;0;0;0;0;0;0;0;0;0;0;0;0;0;0;0;0;0;0;0
25-01-2019 22:00;0;0;0;0;0;0;0;0;0;0;0;0;0;0;0;0;0;0;0;0;0;0;0;0;0;0;0;0;0;0;0;0;0;0;0;0;0;0;0
25-01-2019 23:00;0;0;0;0;0;0;0;0;0;0;0;0;0;0;0;0;0;0;0;0;0;0;0;0;0;0;0;0;0;0;0;0;0;0;0;0;0;0;0
26-01-2019 00:00;0;0;0;0;0;0;0;0;0;0;0;0;0;0;0;0;0;0;0;0;0;0;0;0;0;0;0;0;0;0;0;0;0;0;0;0;0;0;0
26-01-2019 01:00;0;0;0;0;0;0;0;0;0;0;0;0;0;0;0;0;0;0;0;0;0;0;0;0;0;0;0;0;0;0;0;0;0;0;0;0;0;0;0
26-01-2019 02:00;0;0;0;0;0;0;0;0;0;0;0;0;0;0;0;0;0;0;0;0;0;0;0;0;0;0;0;0;0;0;0;0;0;0;0;0;0;0;0
26-01-2019 03:00;0;0;0;0;0;0;0;0;0;0;0;0;0;0;0;0;0;0;0;0;0;0;0;0;0;0;0;0;0;0;0;0;0;0;0;0;0;0;0
26-01-2019 04:00;0;0;0;0;0;0;0;0;0;0;0;0;0;0;0;0;0;0;0;0;0;0;0;0;0;0;0;0;0;0;0;0;0;0;0;0;0;0;0
26-01-2019 05:00;0;0;0;0;0;0;0;0;0;0;0;0;0;0;0;0;0;0;0;0;0;0;0;0;0;0;0;0;0;0;0;0;0;0;0;0;0;0;0
26-01-2019 06:00;0;0;0;0;0;0;0;0;0;0;0;0;0;0;0;0;0;0;0;0;0;0;0;0;0;0;0;0;0;0;0;0;0;0;0;0;0;0;0
26-01-2019 07:00;0;0;0;0;0;0;0;0;0;0;0;0;0;0;0;0;0;0;0;0;0;0;0;0;0;0;0;0;0;0;0;0;0;0;0;0;0;0;0
26-01-2019 08:00;0;0;0;0;0;0;0;0;0;0;0;0;0;0;0;0;0;0;0;0;0;0;0;0;0;0;0;0;0;0;0;0;0;0;0;0;0;0;0
26-01-2019 09:00;0;0;0;0;0;0;0;0;0;0;0;0;0;0;0;0;0;0;0;0;0;0;0;0;0;0;0;0;0;0;0;0;0;0;0;0;0;0;0
26-01-2019 10:00;0;0;0;0;0;0;0;0;0;0;0;0;0;0;0;0;0;0;0;0;0;0;0;0;0;0;0;0;0;0;0;0;0;0;0;0;0;0;0
26-01-2019 11:00;0;0;0;0;0;0;0;0;0;0;0;0;0;0;0;0;0;0;0;0;0;0;0;0;0;0;0;0;0;0;0;0;0;0;0;0;0;0;0
26-01-2019 12:00;0;0;0;0;0;0;0;0;0;0;0;0;0;0;0;0;0;0;0;0;0;0;0;0;0;0;0;0;0;0;0;0;0;0;0;0;0;0;0
26-01-2019 13:00;0;0;0;0;0;0;0;0;0;0;0;0;0;0;0;0;0;0;0;0;0;0;0;0;0;0;0;0;0;0;0;0;0;0;0;0;0;0;0
26-01-2019 14:00;0;0;0;0;0;0;0;0;0;0;0;0;0;0;0;0;0;0;0;0;0;0;0;0;0;0;0;0;0;0;0;0;0;0;0;0;0;0;0
26-01-2019 15:00;0;0;0;0;0;0;0;0;0;0;0;0;0;0;0;0;0;0;0;0;0;0;0;0;0;0;0;0;0;0;0;0;0;0;0;0;0;0;0
26-01-2019 16:00;0;0;0;0;0;0;0;0;0;0;0;0;0;0;0;0;0;0;0;0;0;0;0;0;0;0;0;0;0;0;0;0;0;0;0;0;0;0;0
26-01-2019 17:00;0;0;0;0;0;0;0;0;0;0;0;0;0;0;0;0;0;0;0;0;0;0;0;0;0;0;0;0;0;0;0;0;0;0;0;0;0;0;0
26-01-2019 18:00;0;0;0;0;0;0;0;0;0;0;0;0;0;0;0;0;0;0;0;0;0;0;0;0;0;0;0;0;0;0;0;0;0;0;0;0;0;0;0
26-01-2019 19:00;0;0;0;0;0;0;0;0;0;0;0;0;0;0;0;0;0;0;0;0;0;0;0;0;0;0;0;0;0;0;0;0;0;0;0;0;0;0;0
26-01-2019 20:00;0;0;0;0;0;0;0;0;0;0;0;0;0;0;0;0;0;0;0;0;0;0;0;0;0;0;0;0;0;0;0;0;0;0;0;0;0;0;0
26-01-2019 21:00;0;0;0;0;0;0;0;0;0;0;0;0;0;0;0;0;0;0;0;0;0;0;0;0;0;0;0;0;0;0;0;0;0;0;0;0;0;0;0
26-01-2019 22:00;0;0;0;0;0;0;0;0;0;0;0;0;0;0;0;0;0;0;0;0;0;0;0;0;0;0;0;0;0;0;0;0;0;0;0;0;0;0;0
26-01-2019 23:00;0;0;0;0;0;0;0;0;0;0;0;0;0;0;0;0;0;0;0;0;0;0;0;0;0;0;0;0;0;0;0;0;0;0;0;0;0;0;0
27-01-2019 00:00;0;0;0;0;0;0;0;0;0;0;0;0;0;0;0;0;0;0;0;0;0;0;0;0;0;0;0;0;0;0;0;0;0;0;0;0;0;0;0
27-01-2019 01:00;0;0;0;0;0;0;0;0;0;0;0;0;0;0;0;0;0;0;0;0;0;0;0;0;0;0;0;0;0;0;0;0;0;0;0;0;0;0;0
27-01-2019 02:00;0;0;0;0;0;0;0;0;0;0;0;0;0;0;0;0;0;0;0;0;0;0;0;0;0;0;0;0;0;0;0;0;0;0;0;0;0;0;0
27-01-2019 03:00;0;0;0;0;0;0;0;0;0;0;0;0;0;0;0;0;0;0;0;0;0;0;0;0;0;0;0;0;0;0;0;0;0;0;0;0;0;0;0
27-01-2019 04:00;0;0;0;0;0;0;0;0;0;0;0;0;0;0;0;0;0;0;0;0;0;0;0;0;0;0;0;0;0;0;0;0;0;0;0;0;0;0;0
27-01-2019 05:00;0;0;0;0;0;0;0;0;0;0;0;0;0;0;0;0;0;0;0;0;0;0;0;0;0;0;0;0;0;0;0;0;0;0;0;0;0;0;0
27-01-2019 06:00;0;0;0;0;0;0;0;0;0;0;0;0;0;0;0;0;0;0;0;0;0;0;0;0;0;0;0;0;0;0;0;0;0;0;0;0;0;0;0
27-01-2019 07:00;0;0;0;0;0;0;0;0;0;0;0;0;0;0;0;0;0;0;0;0;0;0;0;0;0;0;0;0;0;0;0;0;0;0;0;0;0;0;0
27-01-2019 08:00;0;0;0;0;0;0;0;0;0;0;0;0;0;0;0;0;0;0;0;0;0;0;0;0;0;0;0;0;0;0;0;0;0;0;0;0;0;0;0
27-01-2019 09:00;0;0;0;0;0;0;0;0;0;0;0;0;0;0;0;0;0;0;0;0;0;0;0;0;0;0;0;0;0;0;0;0;0;0;0;0;0;0;0
27-01-2019 10:00;0;0;0;0;0;0;0;0;0;0;0;0;0;0;0;0;0;0;0;0;0;0;0;0;0;0;0;0;0;0;0;0;0;0;0;0;0;0;0
27-01-2019 11:00;0;0;0;0;0;0;0;0;0;0;0;0;0;0;0;0;0;0;0;0;0;0;0;0;0;0;0;0;0;0;0;0;0;0;0;0;0;0;0
27-01-2019 12:00;0;0;0;0;0;0;0;0;0;0;0;0;0;0;0;0;0;0;0;0;0;0;0;0;0;0;0;0;0;0;0;0;0;0;0;0;0;0;0
27-01-2019 13:00;0;0;0;0;0;0;0;0;0;0;0;0;0;0;0;0;0;0;0;0;0;0;0;0;0;0;0;0;0;0;0;0;0;0;0;0;0;0;0
27-01-2019 14:00;0;0;0;0;0;0;0;0;0;0;0;0;0;0;0;0;0;0;0;0;0;0;0;0;0;0;0;0;0;0;0;0;0;0;0;0;0;0;0
27-01-2019 15:00;0;0;0;0;0;0;0;0;0;0;0;0;0;0;0;0;0;0;0;0;0;0;0;0;0;0;0;0;0;0;0;0;0;0;0;0;0;0;0
27-01-2019 16:00;0;0;0;0;0;0;0;0;0;0;0;0;0;0;0;0;0;0;0;0;0;0;0;0;0;0;0;0;0;0;0;0;0;0;0;0;0;0;0
27-01-2019 17:00;0;0;0;0;0;0;0;0;0;0;0;0;0;0;0;0;0;0;0;0;0;0;0;0;0;0;0;0;0;0;0;0;0;0;0;0;0;0;0
27-01-2019 18:00;0;0;0;0;0;0;0;0;0;0;0;0;0;0;0;0;0;0;0;0;0;0;0;0;0;0;0;0;0;0;0;0;0;0;0;0;0;0;0
27-01-2019 19:00;0;0;0;0;0;0;0;0;0;0;0;0;0;0;0;0;0;0;0;0;0;0;0;0;0;0;0;0;0;0;0;0;0;0;0;0;0;0;0
27-01-2019 20:00;0;0;0;0;0;0;0;0;0;0;0;0;0;0;0;0;0;0;0;0;0;0;0;0;0;0;0;0;0;0;0;0;0;0;0;0;0;0;0
27-01-2019 21:00;0;0;0;0;0;0;0;0;0;0;0;0;0;0;0;0;0;0;0;0;0;0;0;0;0;0;0;0;0;0;0;0;0;0;0;0;0;0;0
27-01-2019 22:00;0;0;0;0;0;0;0;0;0;0;0;0;0;0;0;0;0;0;0;0;0;0;0;0;0;0;0;0;0;0;0;0;0;0;0;0;0;0;0
27-01-2019 23:00;0;0;0;0;0;0;0;0;0;0;0;0;0;0;0;0;0;0;0;0;0;0;0;0;0;0;0;0;0;0;0;0;0;0;0;0;0;0;0
28-01-2019 00:00;0;0;0;0;0;0;0;0;0;0;0;0;0;0;0;0;0;0;0;0;0;0;0;0;0;0;0;0;0;0;0;0;0;0;0;0;0;0;0
28-01-2019 01:00;0;0;0;0;0;0;0;0;0;0;0;0;0;0;0;0;0;0;0;0;0;0;0;0;0;0;0;0;0;0;0;0;0;0;0;0;0;0;0
28-01-2019 02:00;0;0;0;0;0;0;0;0;0;0;0;0;0;0;0;0;0;0;0.008403361;0;0;0;0;0;0;0;0;0;0;0;0;0.008403361;0;0;0;0;0;0;0
28-01-2019 03:00;0;0;0;0;0;0.008403361;0.008403361;0;0;0;0;0;0;0;0;0;0;0;0;0;0;0;0.008403361;0;0;0;0;0.008403361;0;0;0;0;0;0;0;0;0;0;0
28-01-2019 04:00;0;0;0.008403361;0;0.008403361;0;0;0;0;0;0;0;0;0;0.008403361;0;0;0;0;0;0;0;0;0;0.008403361;0;0;0;0;0.008403361;0.008403361;0;0.008403361;0;0;0;0.008403361;0;0
28-01-2019 05:00;0;0.008403361;0;0;0;0;0;0;0;0;0;0;0;0;0;0;0;0;0;0;0;0;0.008403361;0;0;0;0.008403361;0;0;0;0;0;0;0;0.008403361;0;0;0.008403361;0.008403361
28-01-2019 06:00;0;0;0;0;0;0;0;0;0.008403361;0.008403361;0.008403361;0;0;0.008403361;0;0;0;0;0.008403361;0.008403361;0.008403361;0;0;0;0;0.008403361;0;0;0;0;0;0;0;0.008403361;0;0;0;0;0
28-01-2019 07:00;0.008403361;0;0;0;0.008403361;0;0.008403361;0.008403361;0;0;0;0;0.008403361;0;0;0.008403361;0.008403361;0.008403361;0;0.008403361;0;0;0.008403361;0.008403361;0;0;0;0;0.008403361;0;0.008403361;0;0.008403361;0;0;0;0.008403361;0;0
28-01-2019 08:00;0;0;0;0.008403361;0;0;0;0;0;0;0;0;0;0;0.008403361;0;0;0;0;0;0;0;0;0;0.008403361;0;0.008403361;0.008403361;0;0.008403361;0;0;0;0;0;0;0;0.008403361;0
28-01-2019 09:00;0;0;0;0;0;0.008403361;0.008403361;0;0;0;0.008403361;0;0;0;0;0;0;0;0;0;0;0;0.008403361;0;0;0;0;0;0;0;0;0;0;0;0;0;0;0;0.008403361
28-01-2019 10:00;0.008403361;0;0;0.008403361;0.008403361;0;0;0;0;0;0;0;0;0;0;0;0;0.008403361;0;0;0;0;0;0;0;0;0;0;0;0;0;0;0.008403361;0.008403361;0;0;0;0.008403361;0
28-01-2019 11:00;0;0;0;0.016806723;0;0;0;0;0;0;0;0;0;0;0;0;0;0;0;0;0;0;0;0;0;0;0;0;0;0;0;0.008403361;0;0;0;0;0;0;0
28-01-2019 12:00;0;0;0;0;0;0;0;0;0;0;0;0;0.008403361;0;0;0;0;0;0;0;0;0;0;0;0;0;0;0;0;0;0;0;0;0;0;0;0;0;0
28-01-2019 13:00;0;0;0;0;0;0;0;0;0;0;0;0;0;0;0;0;0;0;0;0;0;0;0;0;0;0;0;0;0;0;0;0;0;0;0;0;0;0;0
28-01-2019 14:00;0;0;0;0;0;0;0;0;0;0;0;0;0;0;0;0;0;0;0;0;0;0;0;0;0;0;0;0;0;0;0;0;0;0;0;0;0;0;0
28-01-2019 15:00;0;0;0;0;0;0;0;0;0;0;0;0;0;0;0;0;0;0;0;0;0;0;0;0;0;0;0;0;0;0;0;0;0;0;0;0;0;0;0
28-01-2019 16:00;0;0;0;0;0;0;0;0;0;0;0;0;0;0;0;0;0;0;0;0;0;0;0;0;0;0;0.008403361;0;0;0;0;0;0;0;0;0;0;0;0
28-01-2019 17:00;0;0;0;0;0;0;0;0;0;0;0;0;0;0;0;0;0;0;0;0;0;0;0;0;0;0;0;0;0;0;0;0;0;0;0;0;0;0.008403361;0
28-01-2019 18:00;0;0;0;0;0;0;0;0;0;0;0;0;0;0;0;0;0;0;0;0;0;0;0;0;0;0;0;0;0;0;0;0;0;0;0;0;0;0;0
28-01-2019 19:00;0;0;0;0;0;0;0;0;0;0;0;0;0;0;0;0;0;0;0;0;0;0;0;0;0;0;0;0;0;0;0;0;0;0;0;0;0;0;0
28-01-2019 20:00;0;0;0;0;0;0;0;0;0;0;0;0;0;0;0;0;0;0;0;0;0;0;0;0;0;0;0;0;0;0;0;0;0;0;0;0;0;0;0
28-01-2019 21:00;0;0;0;0;0;0;0;0;0;0;0;0;0;0;0;0;0;0;0.008403361;0;0;0;0;0;0;0;0;0;0;0;0;0;0;0;0;0;0;0;0
28-01-2019 22:00;0;0;0;0;0;0;0;0;0;0.008403361;0;0;0;0;0;0;0;0;0;0;0;0;0;0;0;0;0;0;0;0;0;0;0;0;0;0;0;0;0
28-01-2019 23:00;0;0;0;0;0;0;0;0;0;0;0;0;0;0;0;0;0;0;0.008403361;0;0;0;0;0;0.008403361;0;0;0;0;0;0;0;0;0;0;0;0;0;0
29-01-2019 00:00;0;0;0.008403361;0;0;0;0;0;0;0;0;0;0;0;0;0;0;0;0;0;0;0;0;0;0;0.008403361;0;0;0;0;0;0;0;0;0;0;0.008403361;0;0
29-01-2019 01:00;0;0.008403361;0;0;0;0;0;0;0;0;0;0;0;0;0;0.008403361;0;0;0;0;0;0;0;0;0;0;0;0;0;0;0;0;0;0;0;0;0;0;0
29-01-2019 02:00;0;0;0;0;0;0;0;0;0;0;0;0;0;0;0;0;0;0;0;0;0;0;0;0;0;0;0;0;0;0;0.008403361;0;0;0;0;0.008403361;0;0;0
29-01-2019 03:00;0;0;0.008403361;0;0;0;0;0;0;0.008403361;0;0;0;0;0;0;0;0;0.008403361;0;0;0;0;0;0;0;0;0;0;0;0;0;0;0;0.008403361;0;0.008403361;0;0
29-01-2019 04:00;0;0;0;0;0;0.008403361;0;0;0;0;0;0.008403361;0;0.008403361;0;0;0;0;0;0;0;0;0;0;0.008403361;0;0;0;0.008403361;0;0.008403361;0;0;0;0;0;0;0;0
29-01-2019 05:00;0;0.008403361;0;0;0;0;0.008403361;0.008403361;0;0;0;0;0;0;0.008403361;0;0;0;0.008403361;0.008403361;0;0;0;0;0;0;0;0;0;0;0;0;0;0;0;0;0;0;0.008403361
29-01-2019 06:00;0;0;0.008403361;0;0;0;0;0;0.008403361;0;0;0;0;0;0;0;0;0;0;0;0;0;0;0.008403361;0;0.008403361;0.016806723;0;0;0;0;0;0;0;0;0;0.008403361;0;0
29-01-2019 07:00;0;0.008403361;0;0;0;0.008403361;0.008403361;0;0;0;0;0;0;0;0;0;0.008403361;0;0;0;0;0;0;0;0;0;0;0.008403361;0;0.008403361;0.008403361;0.008403361;0;0;0;0;0;0;0
29-01-2019 08:00;0;0;0.008403361;0;0;0;0;0;0;0;0;0;0;0;0.008403361;0;0;0;0.008403361;0;0;0;0;0.008403361;0;0;0;0;0;0;0;0;0;0;0.008403361;0;0;0;0.008403361
29-01-2019 09:00;0;0;0;0;0.008403361;0;0;0.008403361;0.008403361;0;0;0;0;0.008403361;0;0;0.008403361;0;0;0;0;0;0.008403361;0;0;0;0;0.008403361;0;0;0;0;0;0;0;0;0.008403361;0;0
29-01-2019 10:00;0.008403361;0;0;0;0;0.008403361;0.008403361;0;0;0;0;0;0;0;0;0.008403361;0;0;0;0;0.016806723;0;0;0;0;0.008403361;0;0;0;0;0.008403361;0;0;0;0;0;0;0;0
29-01-2019 11:00;0;0.008403361;0;0;0;0;0;0;0;0.008403361;0;0;0;0;0;0;0;0.008403361;0;0;0;0;0;0;0;0;0;0;0.008403361;0;0;0;0;0;0;0;0;0;0
29-01-2019 12:00;0;0;0;0;0;0;0;0;0;0;0.016806723;0;0;0;0;0;0;0;0;0;0;0;0;0;0;0;0.016806723;0;0;0.008403361;0;0.008403361;0;0;0;0.008403361;0;0;0
29-01-2019 13:00;0;0;0;0;0;0;0;0.008403361;0;0;0;0;0;0;0.008403361;0;0;0;0;0;0;0;0.008403361;0.008403361;0.008403361;0;0;0;0;0;0;0;0.008403361;0;0;0;0;0;0
29-01-2019 14:00;0;0;0;0;0;0;0;0;0;0;0;0;0.008403361;0;0;0;0;0;0;0.008403361;0;0;0;0;0;0;0;0;0;0;0;0;0;0.016806723;0;0;0;0.008403361;0
29-01-2019 15:00;0;0;0;0;0;0;0;0;0;0;0;0;0;0;0;0;0;0;0;0;0;0;0;0;0;0;0;0;0;0.008403361;0;0;0;0;0;0;0;0;0
29-01-2019 16:00;0;0;0;0;0;0;0;0;0;0;0;0;0;0;0;0;0;0;0;0;0;0;0;0;0;0;0;0;0;0;0;0;0;0;0;0;0;0;0
29-01-2019 17:00;0;0;0;0.008403361;0;0;0;0;0;0;0;0.008403361;0;0;0;0;0;0;0;0;0;0;0;0;0;0;0;0;0;0;0;0;0;0;0;0;0;0;0
29-01-2019 18:00;0;0;0;0;0;0;0.008403361;0;0;0;0;0;0;0;0;0;0;0;0;0;0;0;0;0;0;0;0;0;0;0;0;0;0;0;0;0;0;0;0
29-01-2019 19:00;0;0;0;0;0;0;0;0;0;0;0;0;0;0;0;0;0;0;0;0;0;0;0;0;0;0;0;0;0;0;0;0;0;0;0;0;0;0;0
29-01-2019 20:00;0;0;0;0;0;0;0;0;0;0;0;0;0;0;0;0;0;0;0;0;0;0;0;0;0;0;0;0;0;0;0;0;0;0;0;0;0;0;0
29-01-2019 21:00;0;0;0;0;0;0;0;0;0;0;0;0;0;0;0;0;0;0;0;0;0;0;0;0;0;0;0;0;0;0;0;0;0;0;0;0;0;0;0
29-01-2019 22:00;0;0;0;0;0;0;0;0;0;0;0;0;0;0;0;0;0;0;0;0;0;0;0;0;0;0;0;0;0;0;0;0;0;0;0.008403361;0;0;0;0
29-01-2019 23:00;0;0;0;0;0;0;0;0;0;0;0;0;0;0.008403361;0;0;0.008403361;0;0;0;0;0;0;0;0;0;0;0;0;0;0;0;0;0;0;0;0;0;0
30-01-2019 00:00;0;0;0.008403361;0;0;0;0;0;0;0.008403361;0;0;0;0;0;0;0;0;0.008403361;0;0;0;0;0;0;0;0;0;0;0;0;0;0;0;0;0.008403361;0;0;0
30-01-2019 01:00;0;0;0;0;0;0;0;0;0.008403361;0;0;0;0;0;0;0;0;0;0;0;0;0;0;0.008403361;0;0;0;0;0;0;0;0;0;0;0;0;0;0;0
30-01-2019 02:00;0;0.008403361;0;0;0;0.008403361;0;0;0;0;0;0.008403361;0;0.008403361;0;0;0;0;0.008403361;0;0;0;0;0;0;0;0;0.008403361;0;0;0.008403361;0;0;0;0.008403361;0;0;0.008403361;0
30-01-2019 03:00;0;0;0.008403361;0;0;0;0;0;0;0;0;0;0;0;0;0;0.008403361;0;0;0;0;0;0;0.008403361;0;0;0;0;0;0;0;0;0;0;0;0;0.008403361;0;0.008403361
30-01-2019 04:00;0;0.008403361;0;0;0;0;0;0;0;0;0;0;0;0;0;0;0;0;0;0;0;0;0;0;0;0;0;0;0;0;0;0;0;0;0;0.008403361;0;0;0
30-01-2019 05:00;0;0;0;0;0;0.008403361;0;0.008403361;0.008403361;0;0.008403361;0;0;0.008403361;0;0;0;0;0;0;0;0;0;0;0;0;0;0.008403361;0;0;0.008403361;0;0;0;0;0;0;0;0
30-01-2019 06:00;0;0;0;0;0;0;0;0;0;0;0;0;0;0;0;0;0;0;0;0;0;0;0.008403361;0;0;0;0;0;0;0;0;0;0;0;0;0;0.008403361;0;0
30-01-2019 07:00;0;0;0;0.008403361;0.008403361;0;0.008403361;0;0;0;0;0;0;0;0.008403361;0;0;0.008403361;0;0;0;0;0;0;0;0;0.008403361;0;0;0;0;0;0;0;0;0;0;0;0
30-01-2019 08:00;0;0;0;0;0;0;0;0.008403361;0;0;0;0.008403361;0;0;0;0;0;0;0;0;0;0;0;0;0;0;0;0;0;0;0;0;0;0;0.008403361;0;0;0;0
30-01-2019 09:00;0;0;0;0;0;0;0;0;0;0;0;0;0;0;0;0;0;0;0;0;0;0;0;0;0;0;0;0;0;0;0;0;0.008403361;0;0;0;0;0;0
30-01-2019 10:00;0;0;0;0;0;0;0;0;0;0;0;0;0;0;0;0;0;0;0;0;0;0;0;0;0;0;0;0;0;0;0;0;0;0;0;0;0;0.008403361;0
30-01-2019 11:00;0;0;0;0;0;0;0;0;0;0;0;0;0;0;0;0;0.008403361;0;0;0;0;0;0;0;0;0;0;0;0;0;0;0.008403361;0;0;0;0;0;0;0
30-01-2019 12:00;0;0;0;0;0;0;0;0;0;0;0;0;0;0;0;0;0;0;0;0;0;0;0;0;0;0;0;0;0;0;0;0;0;0.008403361;0;0;0;0;0
30-01-2019 13:00;0.008403361;0;0;0;0;0;0;0;0;0;0;0;0;0;0.008403361;0;0;0;0;0;0;0;0;0;0;0;0;0;0;0;0;0;0;0;0;0;0;0;0
30-01-2019 14:00;0;0;0;0;0;0;0;0;0;0;0.008403361;0;0;0;0;0;0;0;0;0;0;0;0;0;0;0;0;0;0;0.008403361;0;0;0;0;0.016806723;0.008403361;0;0;0
30-01-2019 15:00;0;0;0;0;0;0;0;0.008403361;0;0;0;0;0;0;0;0.008403361;0;0;0;0;0;0;0.008403361;0.008403361;0;0;0;0;0;0;0;0;0;0;0;0;0;0;0
30-01-2019 16:00;0;0.008403361;0;0;0;0;0.008403361;0;0.008403361;0;0;0;0;0;0;0;0;0;0;0.008403361;0;0;0;0;0;0;0;0;0;0;0;0;0;0;0;0.008403361;0;0;0
30-01-2019 17:00;0;0;0.008403361;0;0;0.008403361;0;0;0;0;0;0.008403361;0;0.016806723;0;0;0;0;0.008403361;0;0;0;0;0;0;0;0.008403361;0;0;0;0;0;0;0;0.008403361;0;0;0;0.008403361
30-01-2019 18:00;0;0.016806723;0.016806723;0;0;0.008403361;0;0;0;0.008403361;0;0.008403361;0;0.008403361;0.008403361;0;0.033613445;0;0;0;0.016806723;0;0;0.008403361;0;0.008403361;0;0.008403361;0;0.008403361;0.016806723;0;0;0.008403361;0.008403361;0.008403361;0;0;0.058823529
30-01-2019 19:00;0;0;0;0;0;0;0;0.042016807;0;0.008403361;0.008403361;0;0.016806723;0;0.008403361;0;0.008403361;0.008403361;0;0;0.025210084;0;0.008403361;0.008403361;0.033613445;0;0;0.008403361;0.008403361;0.067226891;0;0;0;0.050420168;0.008403361;0;0.008403361;0;0.092436975
30-01-2019 20:00;0.008403361;0;0;0;0.008403361;0;0.008403361;0.042016807;0;0.025210084;0.033613445;0;0.033613445;0;0;0.016806723;0;0.109243697;0.016806723;0.008403361;0.025210084;0;0.050420168;0;0.025210084;0.016806723;0.008403361;0;0.008403361;0.075630252;0.016806723;0.016806723;0;0.042016807;0;0;0.025210084;0;0.033613445
30-01-2019 21:00;0.025210084;0.016806723;0.042016807;0.016806723;0.025210084;0.033613445;0.016806723;0.033613445;0.025210084;0.033613445;0.042016807;0.025210084;0.042016807;0.008403361;0.042016807;0.025210084;0.025210084;0.067226891;0.016806723;0.033613445;0.042016807;0;0.033613445;0.016806723;0.058823529;0.025210084;0.025210084;0.033613445;0.025210084;0.033613445;0.042016807;0.033613445;0.016806723;0.050420168;0.016806723;0.008403361;0.016806723;0.016806723;0.033613445
30-01-2019 22:00;0.033613445;0.008403361;0.008403361;0.025210084;0.033613445;0.008403361;0.033613445;0.025210084;0.008403361;0.016806723;0.025210084;0.016806723;0.016806723;0.008403361;0.016806723;0.016806723;0.025210084;0.025210084;0;0.042016807;0.016806723;0;0.042016807;0.025210084;0.016806723;0.016806723;0.025210084;0.016806723;0.008403361;0.025210084;0.016806723;0.016806723;0.050420168;0.008403361;0.025210084;0.016806723;0.008403361;0.033613445;0.016806723
30-01-2019 23:00;0.008403361;0;0;0.025210084;0.016806723;0;0.016806723;0.016806723;0;0;0.016806723;0;0;0;0.008403361;0;0;0.016806723;0;0.025210084;0;0;0.025210084;0;0;0;0.008403361;0.008403361;0.008403361;0.008403361;0;0;0.025210084;0.016806723;0;0;0.008403361;0.016806723;0
31-01-2019 00:00;0;0;0;0.008403361;0;0;0;0;0;0;0;0;0;0;0;0;0;0;0;0;0;0;0;0;0;0;0;0;0;0;0;0;0;0;0;0;0;0.008403361;0
31-01-2019 01:00;0;0;0;0;0;0;0;0;0;0;0;0;0;0;0;0;0;0;0;0;0;0;0;0;0;0;0;0;0;0;0;0;0;0;0;0;0;0;0
31-01-2019 02:00;0;0;0;0;0;0;0;0;0;0;0;0;0;0;0;0;0;0;0;0;0;0;0;0;0;0;0;0;0;0;0;0;0;0;0;0;0;0;0
31-01-2019 03:00;0;0;0;0;0;0;0;0;0;0;0;0;0;0;0;0;0;0;0;0;0;0;0;0;0;0;0;0;0;0;0;0;0;0;0;0;0;0;0
31-01-2019 04:00;0;0;0;0;0;0;0;0;0;0;0;0;0;0;0;0;0;0;0;0;0;0;0;0;0;0;0;0;0;0;0;0;0;0;0;0;0;0;0
31-01-2019 05:00;0;0;0;0;0;0;0;0;0;0;0;0;0;0;0;0;0;0;0;0;0;0;0;0;0;0;0;0;0;0;0;0;0;0;0;0;0;0;0
31-01-2019 06:00;0;0;0;0;0;0;0;0;0;0;0;0;0;0;0;0;0;0;0;0;0;0;0;0;0;0;0;0;0;0;0;0;0;0;0;0;0;0;0
31-01-2019 07:00;0;0;0;0;0;0;0;0;0;0;0;0;0;0;0;0;0.008403361;0;0;0;0;0;0;0;0;0;0;0;0;0;0;0;0;0;0;0;0;0;0
31-01-2019 08:00;0;0;0;0;0;0;0;0;0;0;0;0;0;0.008403361;0;0;0;0;0.008403361;0;0;0;0;0;0;0;0;0;0;0;0;0;0;0;0.008403361;0;0;0;0
31-01-2019 09:00;0;0;0;0;0;0;0;0;0.008403361;0;0;0;0;0;0;0;0;0;0;0;0;0;0;0;0;0;0;0;0;0;0.008403361;0;0;0;0;0;0;0;0
31-01-2019 10:00;0;0;0;0;0;0;0;0;0;0;0;0.008403361;0;0;0;0;0.008403361;0;0;0;0;0;0;0;0;0;0;0;0;0;0;0;0;0;0;0;0;0;0
31-01-2019 11:00;0;0;0;0;0;0;0;0;0;0;0;0;0;0;0;0;0;0;0;0;0;0;0;0;0;0;0;0;0;0;0;0;0;0;0;0;0;0;0
31-01-2019 12:00;0;0;0.008403361;0;0;0;0;0;0;0;0;0;0;0;0;0;0;0;0;0;0;0;0;0;0;0;0;0;0;0;0;0;0;0;0;0;0;0;0
31-01-2019 13:00;0;0;0;0;0;0;0;0;0;0;0;0;0;0;0;0;0;0;0;0;0;0;0;0;0;0;0;0;0;0;0;0;0;0;0;0;0;0;0
31-01-2019 14:00;0;0;0;0;0;0;0;0;0;0;0;0;0;0;0;0;0;0;0;0;0;0;0;0;0;0;0;0;0;0;0;0;0;0;0;0;0;0;0
31-01-2019 15:00;0;0;0;0;0;0;0;0;0;0;0;0;0;0;0;0;0;0;0;0;0;0;0;0;0;0;0;0;0;0;0;0;0;0;0;0;0;0;0
31-01-2019 16:00;0;0;0;0;0;0;0;0;0;0;0;0;0;0;0;0;0;0;0;0;0;0;0;0;0;0;0;0;0;0;0;0;0;0;0;0;0;0;0
31-01-2019 17:00;0;0;0;0;0;0;0;0;0;0;0;0;0;0;0;0;0;0;0.008403361;0;0;0;0;0;0;0;0;0;0;0;0;0;0;0;0;0;0;0;0
31-01-2019 18:00;0;0;0;0;0;0;0;0;0;0;0;0;0;0;0;0;0;0;0;0;0;0;0;0;0;0;0;0;0;0;0;0;0;0;0;0;0;0;0
31-01-2019 19:00;0;0;0;0;0;0;0;0;0;0;0;0;0;0;0;0;0;0;0;0;0;0;0;0;0;0;0;0;0;0;0;0;0;0;0;0;0;0;0
31-01-2019 20:00;0;0;0;0;0;0;0;0;0;0;0;0;0;0;0;0;0;0;0;0;0;0;0;0;0;0;0;0;0;0;0;0;0;0;0;0;0;0;0
31-01-2019 21:00;0;0;0;0;0;0;0;0;0;0;0;0;0;0;0;0;0;0;0;0;0;0;0;0;0;0;0;0;0;0;0;0;0;0;0;0;0;0;0
31-01-2019 22:00;0;0;0;0;0;0;0;0;0;0;0;0;0;0;0;0;0;0;0;0;0;0;0;0;0;0;0;0;0;0;0;0;0;0;0;0;0;0;0
31-01-2019 23:00;0;0;0;0;0;0;0;0;0;0;0;0;0;0;0;0;0;0;0;0;0;0;0;0;0;0;0;0;0;0;0;0;0;0;0;0;0;0;0
25-03-2019 00:00;0;0;0;0;0;0;0;0;0;0;0;0;0;0;0;0;0;0;0;0;0;0;0;0;0;0;0;0;0;0;0;0;0;0;0;0;0;0;0
25-03-2019 01:00;0;0;0;0;0;0;0;0;0;0;0;0;0;0;0;0;0;0;0;0;0;0;0;0;0;0;0;0;0;0;0;0;0;0;0;0;0;0;0
25-03-2019 02:00;0;0;0;0;0;0;0;0;0;0;0;0;0;0;0;0;0;0;0;0;0;0;0;0;0;0;0;0;0;0;0;0;0;0;0;0;0;0;0
25-03-2019 03:00;0;0;0;0;0;0;0;0;0;0;0;0;0;0;0;0;0;0;0;0;0;0;0;0;0;0;0;0;0;0;0;0;0;0;0;0;0;0;0
25-03-2019 04:00;0;0;0;0;0;0;0;0;0;0;0;0;0;0;0;0;0;0;0;0;0;0;0;0;0;0;0;0;0;0;0;0;0;0;0;0;0;0;0
25-03-2019 05:00;0;0;0;0;0;0;0;0;0;0;0;0;0;0;0;0;0;0;0;0;0;0;0;0;0;0;0;0;0;0;0;0;0;0;0;0;0;0;0
25-03-2019 06:00;0;0;0;0;0;0;0;0;0;0;0;0;0;0;0;0;0;0;0;0;0;0;0;0;0;0;0;0;0;0;0;0;0;0;0;0;0;0;0
25-03-2019 07:00;0;0;0;0;0;0;0;0;0;0;0;0;0;0;0;0;0;0;0;0;0;0;0;0;0;0;0;0;0;0;0;0;0;0;0;0;0;0;0
25-03-2019 08:00;0;0;0;0;0;0;0;0;0;0;0;0;0;0;0;0;0;0;0;0;0;0;0;0;0.008403361;0;0;0;0;0;0;0;0;0;0;0;0;0;0
25-03-2019 09:00;0;0;0;0;0;0;0;0;0;0;0;0;0;0;0;0;0;0;0;0;0;0;0;0;0;0;0;0;0;0;0;0;0;0;0;0;0;0;0
25-03-2019 10:00;0;0;0;0;0;0;0;0;0;0;0;0;0;0;0;0;0;0;0;0;0;0;0;0;0;0;0;0;0;0;0;0;0;0;0;0;0;0;0
25-03-2019 11:00;0;0;0;0;0;0;0;0;0;0;0;0;0;0;0;0;0;0;0;0;0;0;0;0;0;0;0;0;0;0;0;0;0;0;0;0;0;0;0
25-03-2019 12:00;0;0;0;0;0;0;0;0;0;0;0;0;0;0;0;0;0;0;0;0;0;0;0;0;0;0;0;0;0;0;0;0;0;0;0;0;0;0;0
25-03-2019 13:00;0;0;0;0;0;0;0;0;0;0;0;0;0;0;0;0;0;0;0;0;0;0;0;0;0;0;0;0;0;0;0;0;0;0;0;0;0;0;0
25-03-2019 14:00;0;0;0;0;0;0;0;0;0;0;0;0;0;0;0;0;0;0;0;0;0;0;0;0;0;0;0;0;0;0;0;0;0;0;0;0;0;0;0
25-03-2019 15:00;0;0;0;0;0;0;0;0;0;0;0;0;0;0;0;0;0;0;0;0;0;0;0;0;0;0;0;0;0;0;0;0;0;0;0;0;0;0;0
25-03-2019 16:00;0;0;0;0;0;0;0;0;0;0;0;0;0;0;0;0;0;0;0;0;0;0;0;0;0;0;0;0;0;0;0;0;0;0;0;0;0;0;0
25-03-2019 17:00;0;0;0;0;0;0;0;0;0;0;0;0;0;0;0;0;0;0;0;0;0;0;0;0;0;0;0;0;0;0;0;0;0;0;0;0;0;0;0
25-03-2019 18:00;0;0;0;0;0;0;0;0;0;0;0;0;0;0;0;0;0;0;0;0;0;0;0;0;0;0;0;0;0;0;0;0;0;0;0;0;0;0;0
25-03-2019 19:00;0;0;0;0;0;0;0;0;0;0;0;0;0;0;0;0;0;0;0;0;0;0;0;0;0;0;0;0;0;0;0;0;0;0;0;0;0;0;0
25-03-2019 20:00;0;0;0;0;0;0;0;0;0;0;0;0;0;0;0;0;0;0;0;0;0;0;0;0;0;0;0;0;0;0;0;0;0;0;0;0;0;0;0
25-03-2019 21:00;0;0;0;0;0;0;0;0;0;0;0;0;0;0;0;0;0;0;0;0;0;0;0;0;0;0;0;0;0;0;0;0;0;0;0;0;0;0;0
25-03-2019 22:00;0;0;0;0;0;0;0;0;0;0;0;0;0;0;0;0;0;0;0;0;0;0;0;0;0;0;0;0;0;0;0;0;0;0;0;0;0;0;0
25-03-2019 23:00;0;0;0;0;0;0;0;0;0;0;0;0;0;0;0;0;0;0;0;0;0;0;0;0;0;0;0;0;0;0;0;0;0;0;0;0;0;0;0
26-03-2019 00:00;0;0;0;0;0;0;0;0;0;0;0;0;0;0;0;0;0;0;0;0;0;0;0;0;0;0;0;0;0;0;0;0;0;0;0;0;0;0;0
26-03-2019 01:00;0;0;0;0;0;0;0;0;0;0;0;0;0;0;0;0;0;0;0;0;0;0;0;0;0;0;0;0;0;0;0;0;0;0;0;0;0;0;0
26-03-2019 02:00;0;0;0;0;0;0;0;0;0;0;0;0;0;0;0;0;0;0;0;0;0;0;0;0;0;0;0;0;0;0;0;0;0;0;0;0;0;0;0
26-03-2019 03:00;0;0;0;0;0;0;0;0;0;0;0;0;0;0;0;0;0;0;0;0;0;0;0;0;0;0;0;0;0;0;0;0;0;0;0;0;0;0;0
26-03-2019 04:00;0;0;0;0;0;0;0;0;0;0;0;0;0;0;0;0;0;0;0;0;0;0;0;0;0;0;0;0;0;0;0;0;0;0;0;0;0;0;0
26-03-2019 05:00;0;0;0;0;0;0;0;0;0;0;0;0;0;0;0;0;0;0;0;0;0;0;0;0;0;0;0;0;0;0;0;0;0;0;0;0;0;0;0
26-03-2019 06:00;0;0;0;0;0;0;0;0;0;0;0;0;0;0;0;0;0;0;0;0;0;0;0;0;0;0;0;0;0;0;0;0;0;0;0;0;0;0;0
26-03-2019 07:00;0;0;0;0;0;0;0;0;0;0;0;0;0;0;0;0;0;0;0;0;0;0;0;0;0;0;0;0;0;0;0;0;0;0;0;0;0;0;0
26-03-2019 08:00;0;0;0;0;0;0;0;0;0;0;0;0;0;0;0;0;0;0;0;0;0;0;0;0;0;0;0;0;0;0;0;0;0;0;0;0;0;0;0
26-03-2019 09:00;0;0;0;0;0;0;0;0;0;0;0;0;0;0;0;0;0;0;0;0;0;0;0;0;0;0;0;0;0;0;0;0;0;0;0;0;0;0;0
26-03-2019 10:00;0;0;0;0;0;0;0;0;0;0;0;0;0;0;0;0;0;0;0;0;0;0;0;0;0;0;0;0;0;0;0;0;0;0;0;0;0;0;0
26-03-2019 11:00;0;0;0;0;0;0;0;0;0;0;0;0;0;0;0;0;0;0;0;0;0;0;0;0;0;0;0;0;0;0;0;0;0;0;0;0;0;0;0
26-03-2019 12:00;0;0;0;0;0;0;0;0;0;0;0;0;0;0;0;0;0;0;0;0;0;0;0;0;0;0;0;0;0;0;0;0;0;0;0;0;0;0;0
26-03-2019 13:00;0;0;0;0;0;0;0;0;0;0;0;0;0;0;0;0;0;0;0;0;0;0;0;0;0;0;0;0;0;0;0;0;0;0;0;0;0;0;0
26-03-2019 14:00;0;0;0;0;0;0;0;0;0;0;0;0;0;0;0;0;0;0;0;0;0;0;0;0;0;0;0;0;0;0;0;0;0;0;0;0;0;0;0
26-03-2019 15:00;0;0;0;0;0;0;0;0;0;0;0;0;0;0;0;0;0;0;0;0;0;0;0;0;0;0;0;0;0;0;0;0;0;0;0;0;0;0;0
26-03-2019 16:00;0;0;0;0;0;0;0;0;0;0;0;0;0;0;0;0;0;0;0;0;0;0;0;0;0;0;0;0;0;0;0;0;0;0;0;0;0;0;0
26-03-2019 17:00;0;0;0;0;0;0;0;0;0;0;0;0;0;0;0;0;0;0;0;0;0;0;0;0;0;0;0;0;0;0;0;0;0;0;0;0;0;0;0
26-03-2019 18:00;0;0;0;0;0;0;0;0;0;0;0;0;0;0;0;0;0;0;0;0;0;0;0;0;0;0;0;0;0;0;0;0;0;0;0;0;0;0;0
26-03-2019 19:00;0;0;0;0;0;0;0;0;0;0;0;0;0;0;0;0;0;0;0;0;0;0;0;0;0;0;0;0;0;0;0;0;0;0;0;0;0;0;0
26-03-2019 20:00;0;0;0;0;0;0;0;0;0;0;0;0;0;0;0;0;0;0;0;0;0;0;0;0;0;0;0;0;0;0;0;0;0;0;0;0;0;0;0
26-03-2019 21:00;0;0;0;0;0;0;0;0;0;0;0;0;0;0;0;0;0;0;0;0;0;0;0;0;0;0;0;0;0;0;0;0;0;0;0;0;0;0;0
26-03-2019 22:00;0;0;0;0;0;0;0;0;0;0;0;0;0;0;0;0;0;0;0;0;0;0;0;0;0;0;0;0;0;0;0;0;0;0;0;0;0;0;0
26-03-2019 23:00;0;0;0;0;0;0;0;0;0;0;0;0;0;0;0;0;0;0;0;0;0;0;0;0;0;0;0;0;0;0;0;0;0;0;0;0;0;0;0
27-03-2019 00:00;0;0;0;0;0;0;0;0;0;0;0;0;0;0;0;0;0;0;0;0;0;0;0;0;0;0;0;0;0;0;0;0;0;0;0;0;0;0;0
27-03-2019 01:00;0;0;0;0;0;0;0;0;0;0;0;0;0;0;0;0;0;0;0;0;0;0;0;0;0;0;0;0;0;0;0;0;0;0;0;0;0;0;0
27-03-2019 02:00;0;0;0;0;0;0;0;0;0;0;0;0;0;0;0;0;0;0;0;0;0;0;0;0;0;0;0;0;0;0;0;0;0;0;0;0;0;0;0
27-03-2019 03:00;0;0;0;0;0;0;0;0;0;0;0;0;0;0;0;0;0;0;0;0;0;0;0;0;0;0;0;0;0;0;0;0;0;0;0;0;0;0;0
27-03-2019 04:00;0;0;0;0;0;0;0;0;0;0;0;0;0;0;0;0;0;0;0;0;0;0;0;0;0;0;0;0;0;0;0;0;0;0;0;0;0;0;0
27-03-2019 05:00;0;0;0;0;0;0;0;0;0;0;0;0;0;0;0;0;0;0;0;0;0;0;0;0;0;0;0;0;0;0;0;0;0;0;0;0;0;0;0
27-03-2019 06:00;0;0;0;0;0;0;0;0;0;0;0;0;0;0;0;0;0;0;0;0;0;0;0;0;0;0;0;0;0;0;0;0;0;0;0;0;0;0;0
27-03-2019 07:00;0;0;0;0;0;0;0;0;0;0;0;0;0;0;0;0;0;0;0;0;0;0;0;0;0;0;0;0;0;0;0;0;0;0;0;0;0;0;0
27-03-2019 08:00;0;0;0;0;0;0;0;0;0;0;0;0;0;0;0;0;0;0;0;0;0;0;0;0;0;0;0;0;0;0;0;0;0;0;0;0;0;0;0
27-03-2019 09:00;0;0;0;0;0;0;0;0;0;0;0;0;0;0;0;0;0;0;0;0;0;0;0;0;0;0;0;0;0;0;0;0;0;0;0;0;0;0;0
27-03-2019 10:00;0;0;0;0;0;0;0;0;0;0;0;0;0;0;0;0;0;0;0;0;0;0;0;0;0;0;0;0;0;0;0;0;0;0;0;0;0;0;0
27-03-2019 11:00;0;0;0;0;0;0;0;0;0;0;0;0;0;0;0;0;0;0;0;0;0;0;0;0;0;0;0;0;0;0;0;0;0;0;0;0;0;0;0
27-03-2019 12:00;0;0;0;0;0;0;0;0;0;0;0;0;0;0;0;0;0;0;0;0;0;0;0;0;0;0;0;0;0;0;0;0;0;0;0;0;0;0;0
27-03-2019 13:00;0;0;0;0;0;0;0;0;0;0;0;0;0;0;0;0;0;0;0;0;0;0;0;0;0;0;0;0;0;0;0;0;0;0;0;0;0;0;0
27-03-2019 14:00;0;0;0;0;0;0;0;0;0;0;0;0;0;0;0;0;0;0;0;0;0;0;0;0;0;0;0;0;0;0;0;0;0;0;0;0;0;0;0
27-03-2019 15:00;0;0;0;0;0;0;0;0;0;0;0;0;0;0;0;0;0;0;0;0;0;0;0;0;0;0;0;0;0;0;0;0;0;0;0;0;0;0;0
27-03-2019 16:00;0;0;0;0;0;0;0;0;0;0;0;0;0;0;0;0;0;0;0;0;0;0;0;0;0;0;0;0;0;0;0;0;0;0;0;0;0;0;0
27-03-2019 17:00;0;0;0;0;0;0;0;0;0;0;0;0;0;0;0;0;0;0;0;0;0;0;0;0;0;0;0;0;0;0;0;0;0;0;0;0;0;0;0
27-03-2019 18:00;0;0;0;0;0;0;0;0;0;0;0;0;0;0;0;0;0;0;0;0;0;0;0;0;0;0;0;0;0;0;0;0;0;0;0;0;0;0;0
27-03-2019 19:00;0;0;0;0;0;0;0;0;0;0;0;0;0;0;0;0;0;0;0;0;0;0;0;0;0;0;0;0;0;0;0;0;0;0;0;0;0;0;0
27-03-2019 20:00;0;0;0;0;0;0;0;0;0;0;0;0;0;0;0;0;0;0;0;0;0;0;0;0;0;0;0;0;0;0;0;0;0;0;0;0;0;0;0
27-03-2019 21:00;0;0;0;0;0;0;0;0;0;0;0;0;0;0;0;0;0;0;0;0;0;0;0;0;0;0;0;0;0;0;0;0;0;0;0;0;0;0;0
27-03-2019 22:00;0;0;0;0;0;0;0;0;0;0;0;0;0;0;0;0;0;0;0;0;0;0;0;0;0;0;0;0;0;0;0;0;0;0;0;0;0;0;0
27-03-2019 23:00;0;0;0;0;0;0;0;0;0;0;0;0;0;0;0;0;0;0;0;0;0;0;0;0;0;0;0;0;0;0;0;0;0;0;0;0;0;0;0
28-03-2019 00:00;0;0;0;0;0;0;0;0;0;0;0;0;0;0;0;0;0;0;0;0;0;0;0;0;0;0;0;0;0;0;0;0;0;0;0;0;0;0;0
28-03-2019 01:00;0;0;0;0;0;0;0;0;0;0;0;0;0;0;0;0;0;0;0;0;0;0;0;0;0;0;0;0;0;0;0;0;0;0;0;0;0;0;0
28-03-2019 02:00;0;0;0;0;0;0;0;0;0.016806723;0;0;0;0;0;0;0;0;0;0;0;0;0;0;0;0;0;0;0;0;0;0;0;0;0;0.042016807;0.016806723;0;0;0
28-03-2019 03:00;0;0;0;0;0.008403361;0;0.008403361;0;0;0;0;0.008403361;0.008403361;0.008403361;0;0;0;0;0;0;0;0;0;0.008403361;0.008403361;0;0.008403361;0;0;0;0;0.008403361;0.008403361;0;0.008403361;0;0;0;0
28-03-2019 04:00;0;0.008403361;0;0;0;0.008403361;0.008403361;0;0.016806723;0;0;0;0.025210084;0;0;0;0;0.008403361;0;0;0;0;0;0.016806723;0.008403361;0;0.008403361;0;0;0;0;0.016806723;0;0;0;0;0;0;0
28-03-2019 05:00;0;0;0;0.016806723;0;0;0.008403361;0.008403361;0.016806723;0;0;0.016806723;0;0.008403361;0.008403361;0;0.008403361;0;0;0;0;0;0;0.025210084;0;0;0;0;0;0.008403361;0;0.008403361;0.042016807;0;0.025210084;0.016806723;0;0.008403361;0
28-03-2019 06:00;0;0;0;0.025210084;0;0;0.025210084;0.008403361;0.008403361;0;0;0.008403361;0;0.016806723;0;0;0;0;0;0.008403361;0;0;0;0.008403361;0;0;0.008403361;0;0;0;0;0;0.016806723;0;0.016806723;0.008403361;0;0.016806723;0
28-03-2019 07:00;0;0;0;0.016806723;0;0;0;0;0;0;0;0;0;0;0;0;0;0;0;0;0;0;0;0;0;0;0;0;0;0;0;0;0;0;0.008403361;0.008403361;0;0;0
28-03-2019 08:00;0;0;0;0.058823529;0;0;0;0;0;0;0;0;0;0;0;0;0;0;0;0;0;0;0;0;0;0;0;0;0;0.008403361;0;0;0;0;0;0;0;0;0
28-03-2019 09:00;0;0;0;0;0;0;0;0;0;0;0;0;0;0;0;0;0;0;0;0;0;0;0;0;0;0;0;0;0;0;0;0;0;0;0;0;0;0;0
28-03-2019 10:00;0;0;0;0.008403361;0;0;0;0;0;0;0;0;0;0;0;0;0;0;0;0;0;0;0.008403361;0;0;0;0;0;0;0;0;0;0;0;0;0;0;0;0
28-03-2019 11:00;0;0;0;0.008403361;0;0;0;0;0;0;0;0;0;0;0;0;0;0;0;0;0;0;0;0;0;0;0;0;0;0;0;0;0;0;0;0;0;0;0
28-03-2019 12:00;0;0;0;0;0;0;0;0;0;0;0;0;0;0;0;0;0;0;0;0;0;0;0;0;0;0;0;0;0;0;0;0;0;0;0;0;0;0;0
28-03-2019 13:00;0;0;0;0;0;0;0;0;0;0;0;0;0;0;0;0;0;0;0;0;0;0;0;0.008403361;0;0;0;0;0;0;0;0;0;0;0;0;0;0;0
28-03-2019 14:00;0;0;0;0;0;0;0;0;0;0;0;0;0;0;0;0;0;0;0;0;0;0;0;0;0;0;0;0;0;0;0;0;0;0;0;0;0;0;0
28-03-2019 15:00;0;0;0;0;0;0;0;0;0;0;0;0;0;0;0;0;0;0;0;0;0;0;0;0;0;0;0;0;0;0;0;0;0;0;0;0;0;0;0
28-03-2019 16:00;0;0;0;0;0;0;0;0;0;0;0;0;0;0;0;0;0;0;0;0;0;0;0;0;0;0;0;0;0;0;0;0;0;0;0;0;0;0;0
28-03-2019 17:00;0;0;0;0;0;0;0;0;0;0;0;0;0;0;0;0;0;0;0;0;0;0;0;0;0;0;0;0;0;0;0;0;0.008403361;0;0;0;0;0;0
28-03-2019 18:00;0;0;0;0;0;0;0;0;0;0;0;0;0;0;0;0;0;0;0;0;0;0;0;0;0;0;0;0;0;0;0;0;0;0;0;0;0;0;0
28-03-2019 19:00;0;0;0;0;0;0;0;0;0;0;0;0;0;0;0;0;0;0;0;0;0;0;0;0;0;0;0;0;0;0;0;0;0;0;0;0;0;0;0
28-03-2019 20:00;0;0;0;0;0;0;0;0;0;0;0;0;0;0;0;0;0;0;0;0;0;0;0;0;0;0;0;0;0;0;0;0;0;0;0;0;0;0;0
28-03-2019 21:00;0;0;0;0;0;0;0;0;0;0;0;0;0;0;0;0;0;0;0;0;0;0;0;0;0;0;0;0;0;0;0;0;0;0;0;0;0;0;0
28-03-2019 22:00;0;0;0;0;0;0;0;0;0;0;0;0;0;0;0;0;0;0;0;0;0;0;0;0;0;0;0;0;0;0;0;0;0;0;0;0;0;0;0
28-03-2019 23:00;0;0;0;0;0;0;0;0;0;0;0;0;0;0;0;0;0;0;0;0;0;0;0;0;0;0;0;0;0;0;0;0;0;0;0;0;0;0;0
29-03-2019 00:00;0;0;0;0;0;0;0;0;0;0;0;0;0;0;0;0;0;0;0;0;0;0;0;0;0;0;0;0;0;0;0;0;0;0;0;0;0;0;0
29-03-2019 01:00;0;0;0;0;0;0;0;0;0;0;0;0;0;0;0;0;0;0;0;0;0;0;0;0;0;0;0;0;0;0;0;0;0;0;0;0;0;0;0
29-03-2019 02:00;0;0;0;0;0;0;0;0;0;0;0;0;0;0;0;0;0;0;0;0;0;0;0;0;0;0;0;0;0;0;0;0;0;0;0;0;0;0;0
29-03-2019 03:00;0;0;0;0;0;0;0;0;0;0;0;0;0;0;0;0;0;0;0;0;0;0;0;0;0;0;0;0;0;0;0;0;0;0;0;0;0;0;0
29-03-2019 04:00;0;0;0;0;0;0;0;0;0;0;0;0;0;0;0;0;0;0;0;0;0;0;0;0;0;0;0;0;0;0;0;0;0;0;0;0;0;0;0
29-03-2019 05:00;0;0;0;0;0;0;0;0;0;0;0;0;0;0;0;0;0;0;0;0;0;0;0;0;0;0;0;0;0;0;0;0;0;0;0;0;0;0;0
29-03-2019 06:00;0;0;0;0;0;0;0;0;0;0;0;0;0;0;0;0;0;0;0;0;0;0;0;0;0;0;0;0;0;0;0;0;0;0;0;0;0;0;0
29-03-2019 07:00;0;0;0;0;0;0;0;0;0;0;0;0;0;0;0;0;0;0;0;0;0;0;0;0;0;0;0;0;0;0;0;0;0;0;0;0;0;0;0
29-03-2019 08:00;0;0;0;0;0;0;0;0;0;0;0;0;0;0;0;0;0;0;0;0;0;0;0;0;0;0;0;0;0;0;0;0;0;0;0;0;0;0;0
29-03-2019 09:00;0;0;0;0;0;0;0;0;0;0;0;0;0;0;0;0;0;0;0;0;0;0;0;0;0;0;0;0;0;0;0;0;0;0;0;0;0;0;0
29-03-2019 10:00;0;0;0;0;0;0;0;0;0;0;0;0;0;0;0;0;0;0;0;0;0;0;0;0;0;0;0;0;0;0;0;0;0;0;0;0;0;0;0
29-03-2019 11:00;0;0;0;0;0;0;0;0;0;0;0;0;0;0;0;0;0;0;0;0;0;0;0;0;0;0;0;0;0;0;0;0;0;0;0;0;0;0;0
29-03-2019 12:00;0;0;0;0;0;0;0;0;0;0;0;0;0;0;0;0;0;0;0;0;0;0;0;0;0;0;0;0;0;0;0;0;0;0;0;0;0;0;0
29-03-2019 13:00;0;0;0;0;0;0;0;0;0;0;0;0;0;0;0;0;0;0;0;0;0;0;0;0;0;0;0;0;0;0;0;0;0;0;0;0;0;0;0
29-03-2019 14:00;0;0;0;0;0;0;0;0;0;0;0;0;0;0;0;0;0;0;0;0;0;0;0;0;0;0;0;0;0;0;0;0;0;0;0;0;0;0;0
29-03-2019 15:00;0;0;0;0;0;0;0;0;0;0;0;0;0;0;0;0;0;0;0;0;0;0;0;0;0;0;0;0;0;0;0;0;0;0;0;0;0;0;0
29-03-2019 16:00;0;0;0;0;0;0;0;0;0;0;0;0;0;0;0;0;0;0;0;0;0;0;0;0;0;0;0;0;0;0;0;0;0;0;0;0;0;0;0
29-03-2019 17:00;0;0;0;0;0;0;0;0;0;0;0;0;0;0;0;0;0;0;0;0;0;0;0;0;0;0;0;0;0;0;0;0;0;0;0;0;0;0;0
29-03-2019 18:00;0;0;0;0;0;0;0;0;0;0;0;0;0;0;0;0;0;0;0;0;0;0;0;0;0;0;0;0;0;0;0;0;0;0;0;0;0;0;0
29-03-2019 19:00;0;0;0;0;0;0;0;0;0;0;0;0;0;0;0;0;0;0;0;0;0;0;0;0;0;0;0;0;0;0;0;0;0;0;0;0;0;0;0
29-03-2019 20:00;0;0;0;0;0;0;0;0;0;0;0;0;0;0;0;0;0;0;0;0;0;0;0;0;0;0;0;0;0;0;0;0;0;0;0;0;0;0;0
29-03-2019 21:00;0;0;0;0;0;0;0;0;0;0;0;0;0;0;0;0;0;0;0;0;0;0;0;0;0;0;0;0;0;0;0;0;0;0;0;0;0;0;0
29-03-2019 22:00;0;0;0;0;0;0;0;0;0;0;0;0;0;0;0;0;0;0;0;0;0;0;0;0;0;0;0;0;0;0;0;0;0;0;0;0;0;0;0
29-03-2019 23:00;0;0;0;0;0;0;0;0;0;0;0;0;0;0;0;0;0;0;0;0;0;0;0;0;0;0;0;0;0;0;0;0;0;0;0;0;0;0;0
30-03-2019 00:00;0;0;0;0;0;0;0;0;0;0;0;0;0;0;0;0;0;0;0;0;0;0;0;0;0;0;0;0;0;0;0;0;0;0;0;0;0;0;0
30-03-2019 01:00;0;0;0;0;0;0;0;0;0;0;0;0;0;0;0;0;0;0;0;0;0;0;0;0;0;0;0;0;0;0;0;0;0;0;0;0;0;0;0
30-03-2019 02:00;0;0;0;0;0;0;0;0;0;0;0;0;0;0;0;0;0;0;0;0;0;0;0;0;0;0;0;0;0;0;0;0;0;0;0;0;0;0;0
30-03-2019 03:00;0;0;0;0;0;0;0;0;0;0;0;0;0;0;0;0;0;0;0;0;0;0;0;0;0;0;0;0;0;0;0;0;0;0;0;0;0;0;0
30-03-2019 04:00;0;0;0;0;0;0;0;0;0;0;0;0;0;0;0;0;0;0;0;0;0;0;0;0;0;0;0;0;0;0;0;0;0;0;0;0;0;0;0
30-03-2019 05:00;0;0;0;0;0;0;0;0;0;0;0;0;0;0;0;0;0;0;0;0;0;0;0;0;0;0;0;0;0;0;0;0;0;0;0;0;0;0;0
30-03-2019 06:00;0;0;0;0;0;0;0;0;0;0;0;0;0;0;0;0;0;0;0;0;0;0;0;0;0;0;0;0;0;0;0;0;0;0;0;0;0;0;0
30-03-2019 07:00;0;0;0;0;0;0;0;0;0;0;0;0;0;0;0;0;0;0;0;0;0;0;0;0;0;0;0;0;0;0;0;0;0;0;0;0;0;0;0
30-03-2019 08:00;0;0;0;0;0;0;0;0;0;0;0;0;0;0;0;0;0;0;0;0;0;0;0;0;0;0;0;0;0;0;0;0;0;0;0;0;0;0;0
30-03-2019 09:00;0;0;0;0;0;0;0;0;0;0;0;0.008403361;0;0;0;0;0;0;0;0;0;0;0;0;0;0;0;0;0;0;0;0;0;0;0;0;0;0;0
30-03-2019 10:00;0;0;0;0;0;0;0;0;0;0;0;0;0;0.008403361;0;0;0;0;0;0;0;0;0;0.008403361;0;0;0;0;0;0;0;0;0;0;0.008403361;0.016806723;0;0;0
30-03-2019 11:00;0;0.008403361;0;0;0;0;0;0;0.008403361;0;0;0;0;0.016806723;0;0;0;0;0;0;0;0;0;0;0;0;0;0;0;0;0;0;0;0;0.008403361;0.008403361;0;0;0
30-03-2019 12:00;0;0.008403361;0;0;0;0;0;0;0;0;0;0.008403361;0;0;0;0;0.008403361;0;0;0;0;0;0;0;0;0;0;0;0;0;0;0;0;0;0.008403361;0;0;0;0
30-03-2019 13:00;0;0;0;0;0;0;0;0;0;0;0;0;0;0;0;0;0;0;0;0;0;0;0;0;0;0;0;0;0;0;0;0;0;0;0;0;0;0;0
30-03-2019 14:00;0;0;0;0;0;0;0;0;0;0;0;0;0;0;0;0;0;0;0;0;0;0;0;0;0;0;0;0;0;0;0;0;0;0;0;0;0;0;0
30-03-2019 15:00;0;0;0;0;0;0;0;0;0;0;0;0;0;0;0;0;0;0;0;0;0;0;0;0;0;0;0;0;0;0;0;0;0;0;0;0;0;0;0
30-03-2019 16:00;0;0;0;0;0;0;0;0;0;0;0;0;0;0;0;0;0;0;0;0;0;0;0;0;0;0;0;0;0;0;0;0;0;0;0;0;0;0;0
30-03-2019 17:00;0;0;0;0;0;0;0;0;0;0;0;0;0;0;0;0;0;0;0;0;0;0;0;0;0;0;0;0;0;0;0;0;0;0;0;0;0;0;0
30-03-2019 18:00;0;0;0;0;0;0;0;0;0;0;0;0;0;0;0;0;0;0;0;0;0;0;0;0;0;0;0;0;0;0;0;0;0;0;0;0.008403361;0;0;0
30-03-2019 19:00;0;0;0;0;0;0;0;0;0;0;0;0;0;0.008403361;0;0;0;0;0;0;0;0;0;0;0;0;0;0;0;0;0;0;0;0;0;0;0;0;0
30-03-2019 20:00;0;0;0;0;0;0;0;0;0;0;0;0;0;0;0;0;0;0;0;0;0;0;0;0;0;0;0;0;0;0;0;0;0;0;0;0;0;0;0
30-03-2019 21:00;0;0;0;0;0;0.008403361;0;0;0.008403361;0;0;0.008403361;0;0.016806723;0;0;0;0;0;0;0;0;0;0.008403361;0;0;0;0;0;0;0;0;0;0;0.008403361;0.016806723;0;0;0
30-03-2019 22:00;0;0.008403361;0.008403361;0;0;0;0;0;0.016806723;0;0;0.025210084;0;0.025210084;0;0;0;0;0;0;0;0;0;0.033613445;0;0;0;0.008403361;0;0;0;0;0;0;0.016806723;0.008403361;0.008403361;0;0
30-03-2019 23:00;0;0;0;0;0;0;0;0;0;0;0;0.016806723;0;0.025210084;0;0;0.016806723;0;0;0;0;0;0;0.025210084;0;0;0.008403361;0;0;0;0;0;0;0;0.016806723;0.008403361;0.008403361;0;0
31-03-2019 00:00;0;0;0;0;0;0;0;0;0;0;0;0;0.008403361;0;0;0.008403361;0.016806723;0;0;0;0;0;0;0;0;0.016806723;0;0;0.008403361;0;0;0;0;0;0;0;0.008403361;0;0
31-03-2019 01:00;0;0;0;0;0;0;0.008403361;0;0;0.050420168;0;0;0;0.008403361;0;0.016806723;0;0;0;0;0;0;0;0;0.025210084;0.016806723;0.016806723;0;0.016806723;0;0;0.008403361;0;0;0;0;0.008403361;0;0
31-03-2019 02:00;0;0;0;0;0;0;0;0;0;0.008403361;0;0;0.008403361;0;0;0.016806723;0;0;0;0;0;0;0;0.008403361;0;0.016806723;0.025210084;0;0.016806723;0;0;0.008403361;0;0;0;0;0.033613445;0;0
31-03-2019 03:00;0;0;0;0;0;0;0;0;0;0;0;0.016806723;0;0;0;0.008403361;0;0;0;0;0;0;0;0;0;0.008403361;0.008403361;0;0.042016807;0;0;0.016806723;0;0;0;0;0.058823529;0;0
31-03-2019 04:00;0;0;0;0;0;0;0;0;0;0.008403361;0;0;0;0.016806723;0;0.025210084;0;0;0;0;0.008403361;0;0;0.008403361;0.008403361;0.025210084;0.042016807;0;0.033613445;0;0;0.016806723;0;0;0.008403361;0.008403361;0.075630252;0;0.016806723
31-03-2019 05:00;0;0.016806723;0.008403361;0;0;0.008403361;0;0;0.008403361;0;0;0;0;0;0.008403361;0.033613445;0.008403361;0;0;0;0.016806723;0;0;0;0;0.042016807;0.050420168;0;0.042016807;0;0;0.033613445;0;0;0.008403361;0.008403361;0.042016807;0;0.008403361
31-03-2019 06:00;0.016806723;0;0;0.008403361;0.016806723;0.008403361;0.016806723;0.016806723;0;0.016806723;0.008403361;0;0.042016807;0;0.008403361;0.033613445;0;0;0;0;0;0;0;0;0.025210084;0.008403361;0.016806723;0.008403361;0.008403361;0;0;0.033613445;0.008403361;0.008403361;0;0;0.008403361;0.025210084;0
31-03-2019 07:00;0;0;0;0.025210084;0;0;0.008403361;0;0.008403361;0.016806723;0;0;0.016806723;0;0;0.016806723;0;0;0;0;0;0;0;0;0.025210084;0;0;0;0;0;0;0.008403361;0;0;0;0.008403361;0;0.008403361;0
31-03-2019 08:00;0;0;0;0;0;0;0;0;0;0;0;0;0;0;0;0;0;0;0;0;0;0;0;0;0.008403361;0;0;0;0;0;0;0;0;0;0;0;0;0;0
31-03-2019 09:00;0;0;0;0;0;0;0;0;0;0;0;0;0;0;0;0;0;0;0;0;0;0;0;0;0;0;0;0;0;0.008403361;0;0;0;0;0;0;0;0;0
31-03-2019 10:00;0;0;0;0;0;0.008403361;0;0;0;0;0;0;0;0;0;0;0;0;0;0;0;0;0.008403361;0;0;0;0;0;0;0;0;0;0;0;0;0;0;0;0
31-03-2019 11:00;0;0;0.008403361;0;0;0;0;0;0;0;0;0;0;0;0.008403361;0;0;0;0;0;0;0;0;0;0;0;0;0;0;0;0;0;0;0;0;0;0;0;0
31-03-2019 12:00;0;0;0;0;0;0.008403361;0;0.008403361;0;0;0;0;0;0;0;0;0;0;0;0;0;0;0;0;0;0;0;0.008403361;0;0;0;0;0;0;0.008403361;0;0;0;0
31-03-2019 13:00;0;0.008403361;0;0;0;0;0;0;0;0;0;0.008403361;0;0;0;0;0;0;0;0;0;0;0;0;0;0;0;0;0;0;0;0;0;0;0;0;0;0;0
31-03-2019 14:00;0;0.008403361;0.016806723;0;0;0.008403361;0;0;0.008403361;0;0;0;0.008403361;0.016806723;0.008403361;0;0;0;0;0;0;0;0;0.008403361;0.008403361;0;0;0.008403361;0;0;0;0;0;0;0;0;0;0;0
31-03-2019 15:00;0;0.008403361;0.008403361;0;0;0.008403361;0;0.008403361;0;0;0;0;0;0;0;0;0.025210084;0;0;0;0;0;0;0;0;0;0;0.008403361;0;0;0;0;0;0;0;0.008403361;0;0;0
31-03-2019 16:00;0;0;0;0;0;0;0;0;0;0;0;0;0;0;0;0;0;0;0;0;0;0;0;0;0;0;0.008403361;0.008403361;0;0;0;0;0;0;0;0;0;0;0
31-03-2019 17:00;0;0;0;0;0;0;0.008403361;0;0;0;0;0.008403361;0;0;0;0;0;0;0;0;0;0;0;0;0;0;0;0;0.008403361;0;0;0;0;0;0;0;0;0;0
31-03-2019 18:00;0;0;0;0;0;0;0;0;0;0;0;0;0;0;0;0;0;0;0;0;0;0;0;0.008403361;0;0;0;0;0;0;0;0;0;0;0;0;0;0;0
31-03-2019 19:00;0;0;0;0;0;0;0;0;0;0;0;0;0;0;0;0;0;0;0;0;0;0;0;0;0;0;0;0;0;0;0;0;0;0;0;0;0;0;0
31-03-2019 20:00;0;0;0;0;0;0;0;0;0;0;0;0;0;0;0;0;0;0;0;0;0;0;0;0;0.008403361;0;0;0;0;0;0;0;0;0;0;0;0;0;0
31-03-2019 21:00;0;0;0;0;0;0;0;0;0;0;0;0;0;0;0;0;0;0;0;0;0;0;0;0;0;0;0;0;0;0;0;0;0;0;0;0;0;0;0
31-03-2019 22:00;0;0;0;0;0;0;0;0;0;0;0;0;0;0;0;0;0;0;0;0;0;0;0;0;0;0;0;0;0;0;0;0;0;0;0;0;0;0;0
31-03-2019 23:00;0;0;0;0;0;0;0;0;0;0;0.008403361;0;0;0;0;0;0;0;0;0;0.008403361;0;0;0;0;0;0;0;0;0;0;0;0;0.008403361;0;0;0;0;0.008403361
26-05-2019 00:00;0;0;0;0;0;0;0;0;0;0;0;0;0;0;0;0;0;0;0;0;0;0;0;0;0;0;0;0;0;0;0;0;0;0;0;0;0;0;0
26-05-2019 01:00;0;0;0;0.033613445;0;0;0;0;0;0;0;0;0;0;0;0;0;0;0;0;0;0;0;0;0.025210084;0;0;0;0;0;0;0;0;0;0;0;0;0;0
26-05-2019 02:00;0;0;0;0.075630252;0;0;0.067226891;0;0;0;0;0;0;0;0;0.008403361;0;0;0;0;0;0;0;0;0.025210084;0;0;0;0;0;0;0;0;0;0;0;0;0.042016807;0
26-05-2019 03:00;0;0;0;0.008403361;0;0;0.033613445;0;0;0.210084034;0;0;0.042016807;0;0;0.033613445;0;0;0;0;0;0;0;0;0.042016807;0;0.008403361;0;0;0;0;0;0.033613445;0;0;0;0;0.134453782;0
26-05-2019 04:00;0;0;0;0.016806723;0;0;0;0;0;0.075630252;0;0;0.033613445;0;0;0.159663866;0;0;0;0;0;0;0.008403361;0;0.117647059;0;0.092436975;0;0;0;0;0.084033613;0;0;0;0;0;0.008403361;0
26-05-2019 05:00;0;0;0;0.008403361;0;0;0.008403361;0;0;0;0;0;0.042016807;0;0;0;0;0;0;0;0;0;0;0;0;0;0;0;0;0;0;0.033613445;0;0;0;0;0;0;0
26-05-2019 06:00;0;0;0;0.033613445;0;0;0;0;0;0.008403361;0;0;0;0;0;0;0;0;0;0;0;0;0;0;0.016806723;0;0;0;0;0;0;0;0;0;0;0;0;0.008403361;0
26-05-2019 07:00;0;0;0;0;0;0;0;0;0;0;0;0;0.025210084;0;0;0;0;0;0;0;0;0;0;0;0.016806723;0;0;0;0;0;0;0;0;0;0;0;0;0;0
26-05-2019 08:00;0;0;0;0;0;0;0;0;0;0;0;0;0.092436975;0;0;0.008403361;0;0;0;0;0;0;0;0;0.025210084;0;0;0;0;0;0;0;0;0;0;0;0;0;0
26-05-2019 09:00;0;0;0;0;0;0;0;0;0;0.050420168;0;0;0.067226891;0;0;0;0;0;0;0;0;0;0;0;0.008403361;0;0;0;0;0;0;0;0;0;0;0;0;0;0
26-05-2019 10:00;0;0;0;0;0.008403361;0;0;0;0;0;0;0;0.033613445;0;0;0;0;0;0;0;0;0;0;0;0.016806723;0;0;0;0;0;0;0;0;0;0;0;0;0;0
26-05-2019 11:00;0;0;0;0;0;0;0;0;0;0.025210084;0;0;0;0;0;0;0;0;0;0;0;0;0;0;0.008403361;0;0;0;0;0;0;0;0;0;0;0;0;0;0
26-05-2019 12:00;0;0;0;0;0;0;0;0;0;0.050420168;0;0;0;0;0;0;0;0;0;0;0;0;0;0;0.12605042;0;0;0;0;0;0;0;0;0;0;0;0;0;0
26-05-2019 13:00;0;0;0;0;0;0;0;0;0;0.025210084;0;0;0.008403361;0;0;0;0;0;0;0;0;0;0;0;0.008403361;0;0;0;0;0;0;0;0;0;0;0;0;0;0
26-05-2019 14:00;0;0;0;0;0;0;0;0;0;0;0;0;0.008403361;0;0;0;0;0;0;0;0;0;0;0;0;0;0;0;0;0;0;0;0;0;0;0;0;0;0
26-05-2019 15:00;0;0;0;0;0;0;0;0;0;0;0;0;0;0;0;0;0;0;0;0;0;0;0;0;0;0;0;0;0;0;0;0;0;0;0;0;0;0;0
26-05-2019 16:00;0;0;0;0;0;0;0;0;0;0;0;0;0;0;0;0;0;0;0;0;0;0;0;0;0;0;0;0;0;0;0;0;0;0;0;0;0;0;0
26-05-2019 17:00;0;0;0;0;0;0;0;0;0;0;0;0;0;0;0;0;0;0;0;0;0;0;0;0;0;0;0;0;0;0;0;0;0;0;0;0;0;0;0
26-05-2019 18:00;0;0;0;0;0;0;0;0;0;0;0;0;0;0;0;0;0;0;0;0;0;0;0;0;0;0;0;0;0;0;0;0;0;0;0;0;0;0;0
26-05-2019 19:00;0;0;0;0;0;0;0;0;0;0;0;0;0;0;0;0;0;0;0;0;0;0;0;0;0;0;0;0;0;0;0;0;0;0;0;0;0;0;0
26-05-2019 20:00;0;0;0;0;0;0;0;0;0;0;0;0;0;0;0;0;0;0;0;0;0;0;0;0;0;0;0;0;0;0;0;0;0;0;0;0;0;0;0
26-05-2019 21:00;0;0;0;0;0;0;0;0;0;0;0;0;0;0;0;0;0;0;0;0;0;0;0;0;0;0;0;0;0;0;0;0;0;0;0;0;0;0;0
26-05-2019 22:00;0;0;0;0;0;0;0;0;0;0;0;0;0;0;0;0;0;0;0;0;0;0;0;0;0;0;0;0;0;0;0;0;0;0;0;0;0;0;0
26-05-2019 23:00;0;0;0;0;0;0;0;0;0;0;0;0;0;0;0;0;0;0;0;0;0;0;0;0;0;0;0;0;0;0;0;0;0;0;0;0;0;0;0
27-05-2019 00:00;0;0;0;0;0;0;0;0;0;0;0;0;0;0;0;0;0;0;0;0;0;0;0;0;0;0;0;0;0;0;0;0;0;0;0;0;0;0;0
27-05-2019 01:00;0;0;0;0;0;0;0;0;0;0;0;0;0;0;0;0;0;0;0;0;0;0;0;0;0;0;0;0;0;0;0;0;0;0;0;0;0;0;0
27-05-2019 02:00;0;0;0;0;0;0;0;0;0;0;0;0;0;0;0;0;0;0;0;0;0;0;0;0;0;0;0;0;0;0;0;0;0;0;0;0;0;0;0
27-05-2019 03:00;0;0;0;0;0;0;0;0;0;0;0;0;0;0;0;0;0;0;0;0;0;0;0;0;0;0;0;0;0;0;0;0;0;0;0;0;0;0;0
27-05-2019 04:00;0;0;0;0;0;0;0;0;0;0;0;0;0;0;0;0;0;0;0;0;0;0;0;0;0;0;0;0;0;0;0;0;0;0;0;0;0;0;0
27-05-2019 05:00;0;0;0;0;0;0;0;0;0;0;0;0;0;0;0;0;0;0;0;0;0;0;0;0;0;0;0;0;0;0;0;0;0;0;0;0;0;0;0
27-05-2019 06:00;0;0;0;0;0;0;0;0;0;0;0;0;0;0;0;0;0;0;0;0;0;0;0;0;0;0;0;0;0;0;0;0;0;0;0;0;0;0;0
27-05-2019 07:00;0;0;0;0;0;0;0;0;0;0;0;0;0;0;0;0;0;0;0;0;0;0;0;0;0;0;0;0;0;0;0;0;0;0;0;0;0;0;0
27-05-2019 08:00;0;0;0;0;0;0;0;0;0;0;0;0;0;0;0;0;0;0;0;0;0;0;0;0;0;0;0;0;0;0;0;0;0;0;0;0;0;0;0
27-05-2019 09:00;0;0;0;0;0;0;0;0;0;0;0;0;0;0;0;0;0;0;0;0;0;0;0;0;0;0;0;0;0;0;0;0;0;0;0;0;0;0;0
27-05-2019 10:00;0;0;0;0;0;0;0;0;0;0;0;0;0;0;0;0;0;0;0;0;0;0;0;0;0;0;0;0;0;0;0;0;0;0;0;0;0;0;0
27-05-2019 11:00;0;0;0;0;0;0;0;0;0;0;0;0;0;0;0;0;0;0;0;0;0;0;0;0;0;0;0;0;0;0;0;0;0;0;0;0;0;0;0
27-05-2019 12:00;0;0;0;0;0;0;0;0;0;0;0;0;0;0;0;0;0;0;0;0;0;0;0;0;0;0;0;0;0;0;0;0;0;0;0;0;0;0;0
27-05-2019 13:00;0;0;0;0;0;0;0;0;0;0;0;0;0;0;0;0;0;0;0;0;0;0;0;0;0;0;0;0;0;0;0;0;0;0;0;0;0;0;0
27-05-2019 14:00;0;0;0;0;0;0;0;0;0;0;0;0;0;0;0;0;0;0;0;0;0;0;0;0;0;0;0;0;0;0;0;0;0;0;0;0;0;0;0
27-05-2019 15:00;0;0;0;0;0;0;0;0;0;0;0;0;0;0;0;0;0;0;0;0;0;0;0;0;0;0;0;0;0;0;0;0;0;0;0;0;0;0;0
27-05-2019 16:00;0;0;0;0;0;0;0;0;0;0;0;0;0;0;0;0;0;0;0;0;0;0;0;0;0;0;0;0;0;0;0;0;0;0;0;0;0;0;0
27-05-2019 17:00;0;0;0;0;0;0;0;0;0;0;0;0;0;0;0;0;0;0;0;0;0;0;0;0;0;0;0;0;0;0;0;0;0;0;0;0;0;0;0
27-05-2019 18:00;0;0;0;0;0;0;0;0;0;0;0;0;0;0;0;0;0;0;0;0;0;0;0;0;0;0;0;0;0;0;0;0;0;0;0;0;0;0;0
27-05-2019 19:00;0;0;0;0;0;0;0;0;0;0;0;0;0;0;0;0;0;0;0;0;0;0;0;0;0;0;0;0;0;0;0;0;0;0;0;0;0;0;0
27-05-2019 20:00;0;0;0;0;0;0;0;0;0;0;0;0;0;0;0;0;0;0;0;0;0;0;0;0;0;0;0;0;0;0;0;0;0;0;0;0;0;0;0
27-05-2019 21:00;0;0;0;0;0;0;0;0;0;0;0;0;0;0;0;0;0;0;0;0;0;0;0;0;0;0;0;0;0;0;0;0;0;0;0;0;0;0;0
27-05-2019 22:00;0;0;0;0;0;0;0;0;0;0;0;0;0;0;0;0;0;0;0;0;0;0;0;0;0;0;0;0;0;0;0;0;0;0;0;0;0;0;0
27-05-2019 23:00;0;0;0;0;0;0;0;0;0;0;0;0;0;0;0;0;0;0;0;0;0;0;0;0;0;0;0;0;0;0;0;0;0;0;0;0;0;0;0
28-05-2019 00:00;0;0;0;0;0;0;0;0;0;0;0;0;0;0;0;0;0;0;0;0;0;0;0;0;0;0;0;0;0;0;0;0;0;0;0;0;0;0;0
28-05-2019 01:00;0;0;0;0;0;0;0;0;0;0;0;0;0;0;0;0;0;0;0;0;0;0;0;0;0;0;0;0;0;0;0;0;0;0;0;0;0;0;0
28-05-2019 02:00;0;0;0;0;0;0;0;0;0;0;0;0;0;0;0;0;0;0;0;0;0;0;0;0;0;0;0;0;0;0;0;0;0;0;0;0;0;0;0
28-05-2019 03:00;0;0;0;0;0;0;0;0;0;0;0;0;0;0;0;0;0;0;0;0;0;0;0;0;0;0;0;0;0;0;0;0;0;0;0;0;0;0;0
28-05-2019 04:00;0;0;0;0;0;0;0;0;0;0;0;0;0;0;0;0;0;0;0;0;0;0;0;0;0;0;0;0;0;0;0;0;0;0;0;0;0;0;0
28-05-2019 05:00;0;0;0;0;0;0;0;0;0;0;0;0;0;0;0;0;0;0;0;0;0;0;0;0;0;0;0;0;0;0;0;0;0;0;0;0;0;0;0
28-05-2019 06:00;0;0;0;0;0;0;0;0;0;0;0;0;0;0;0;0;0;0;0;0;0;0;0;0;0;0;0;0;0;0;0;0;0;0;0;0;0;0;0
28-05-2019 07:00;0;0;0;0;0;0;0;0;0;0;0;0;0;0;0;0;0;0;0;0;0;0;0;0;0;0;0;0;0;0;0;0;0;0;0;0;0;0;0
28-05-2019 08:00;0;0;0;0;0;0;0;0;0;0;0;0;0;0;0;0;0;0;0;0;0;0;0;0;0;0;0;0;0;0;0;0;0;0;0;0;0;0;0
28-05-2019 09:00;0;0;0;0;0;0;0;0;0;0;0;0;0;0;0;0;0;0;0;0;0;0;0;0;0;0;0;0;0;0;0;0;0;0;0;0;0;0;0
28-05-2019 10:00;0;0;0;0;0;0;0;0;0;0;0;0;0;0;0;0;0;0;0;0;0;0;0;0;0;0;0;0;0;0;0;0;0;0;0;0;0;0;0
28-05-2019 11:00;0;0;0;0;0;0;0;0;0;0;0;0;0;0;0;0;0;0;0;0;0;0;0;0;0;0;0;0;0;0;0;0;0;0;0;0;0;0;0
28-05-2019 12:00;0;0;0;0;0;0;0;0;0;0;0;0;0;0;0;0;0;0;0;0;0;0;0;0;0;0;0;0;0;0;0;0;0;0;0;0;0;0;0
28-05-2019 13:00;0;0;0;0;0;0;0;0;0;0;0;0;0;0;0;0;0;0;0;0;0;0;0;0;0;0;0;0;0;0;0;0;0;0;0;0;0;0;0
28-05-2019 14:00;0;0;0;0;0;0;0;0;0;0;0;0;0;0;0;0;0;0;0;0;0;0;0;0;0;0;0;0;0;0;0;0;0;0;0;0;0;0;0
28-05-2019 15:00;0;0;0;0;0;0;0;0;0;0;0;0;0;0;0;0;0;0;0;0;0;0;0;0;0;0;0;0;0;0;0;0;0;0;0;0;0;0;0
28-05-2019 16:00;0;0;0;0;0;0;0;0;0;0;0;0;0;0;0;0;0;0;0;0;0;0;0;0;0;0;0;0;0;0;0;0;0;0;0;0;0;0;0
28-05-2019 17:00;0;0;0;0;0;0;0;0;0;0;0;0;0;0;0;0;0;0;0;0;0;0;0;0;0;0;0;0;0;0;0;0;0;0;0;0;0;0;0
28-05-2019 18:00;0;0;0;0;0;0;0;0;0;0;0;0;0;0;0;0;0;0;0;0;0;0;0;0;0;0;0;0;0;0;0;0;0;0;0;0;0;0;0
28-05-2019 19:00;0;0;0;0;0;0;0;0;0;0;0;0;0;0;0;0;0;0;0;0;0;0;0;0;0;0;0;0;0;0;0;0;0;0;0;0;0;0;0
28-05-2019 20:00;0;0;0;0;0;0;0;0;0;0;0;0;0;0;0;0;0;0;0;0;0;0;0;0;0;0;0;0;0;0;0;0;0;0;0;0;0;0;0
28-05-2019 21:00;0;0;0;0;0;0;0;0;0;0;0;0;0;0;0;0;0;0;0;0;0;0;0;0;0;0;0;0;0;0;0;0;0;0;0;0;0;0;0
28-05-2019 22:00;0;0;0;0;0;0;0;0;0;0;0;0;0;0;0;0;0;0;0;0;0;0;0;0;0;0;0;0;0;0;0;0;0;0;0;0;0;0;0
28-05-2019 23:00;0;0;0;0;0;0;0;0;0;0;0;0;0;0;0;0;0;0;0;0;0;0;0;0;0;0;0;0;0;0;0;0;0;0;0;0;0;0;0
29-05-2019 00:00;0;0;0;0;0;0;0;0;0;0;0;0;0;0;0;0;0;0;0;0;0;0;0;0;0;0;0;0;0;0;0;0;0;0;0;0;0;0;0
29-05-2019 01:00;0;0;0;0;0;0;0;0;0;0;0;0;0;0;0;0;0;0;0;0;0;0;0;0;0;0;0;0;0;0;0;0;0;0;0;0;0;0;0
29-05-2019 02:00;0;0;0;0;0;0;0;0;0;0;0;0;0;0;0;0;0;0;0;0;0;0;0;0;0;0;0;0;0;0;0;0;0;0;0;0;0.008403361;0;0
29-05-2019 03:00;0;0;0;0;0;0;0;0;0;0;0;0;0;0;0;0;0;0;0;0;0;0;0;0;0;0;0;0;0;0;0;0;0;0;0;0;0;0;0
29-05-2019 04:00;0;0;0;0;0;0;0;0;0;0;0;0;0;0;0;0;0;0;0;0;0;0;0;0;0;0;0;0;0;0;0;0;0;0;0;0;0;0;0.008403361
29-05-2019 05:00;0;0;0;0;0;0;0;0;0;0;0;0;0;0;0;0;0;0;0;0;0;0;0;0;0;0;0;0;0;0;0.008403361;0;0;0;0;0;0.008403361;0;0
29-05-2019 06:00;0;0;0;0;0;0;0;0;0.008403361;0;0;0.008403361;0;0;0;0;0;0;0;0;0;0;0;0;0;0;0;0;0;0;0;0;0;0;0;0;0.008403361;0;0.008403361
29-05-2019 07:00;0;0;0;0;0;0;0;0;0;0;0;0;0;0.008403361;0.008403361;0;0;0;0;0;0;0;0;0.008403361;0;0;0;0;0;0;0.008403361;0;0;0;0.008403361;0;0;0;0
29-05-2019 08:00;0;0;0;0;0;0;0;0;0;0;0;0;0;0;0;0;0;0;0;0;0.008403361;0;0;0.008403361;0;0;0;0.008403361;0;0;0;0;0;0;0.008403361;0.008403361;0;0;0
29-05-2019 09:00;0;0;0;0;0;0;0;0;0;0;0;0;0;0;0;0;0;0;0;0;0;0;0;0;0.008403361;0;0;0.008403361;0;0;0;0;0;0;0;0;0;0;0
29-05-2019 10:00;0;0;0;0;0;0;0;0;0;0.008403361;0;0;0;0;0;0.016806723;0.008403361;0;0;0;0;0;0;0;0;0;0;0;0;0;0;0.008403361;0;0;0;0;0;0;0
29-05-2019 11:00;0;0;0;0;0;0;0;0;0;0.008403361;0;0;0.008403361;0;0;0.008403361;0;0;0;0;0;0;0;0;0.016806723;0;0.016806723;0;0;0;0;0.008403361;0;0;0;0;0;0;0
29-05-2019 12:00;0;0;0;0;0;0;0;0;0;0;0;0;0.008403361;0;0;0;0;0;0;0;0;0;0;0;0.008403361;0;0;0;0;0;0;0.008403361;0;0;0;0;0;0;0
29-05-2019 13:00;0;0;0;0;0;0.008403361;0;0;0;0.016806723;0;0;0.008403361;0;0;0.008403361;0;0;0;0;0;0;0;0;0.016806723;0.008403361;0.008403361;0;0;0;0;0;0;0.008403361;0;0;0.016806723;0;0
29-05-2019 14:00;0.008403361;0;0;0;0.008403361;0;0.008403361;0.008403361;0;0.008403361;0.008403361;0;0.025210084;0;0.008403361;0.016806723;0;0.008403361;0;0;0.008403361;0;0;0;0;0.008403361;0.008403361;0;0.008403361;0.008403361;0.008403361;0.008403361;0;0;0;0;0.008403361;0;0.016806723
29-05-2019 15:00;0;0;0.008403361;0;0;0;0.008403361;0.008403361;0;0;0;0;0.008403361;0;0.016806723;0;0;0.008403361;0;0;0;0;0.008403361;0;0;0;0.008403361;0.016806723;0;0.008403361;0;0.008403361;0.016806723;0.008403361;0;0;0;0.016806723;0
29-05-2019 16:00;0.008403361;0;0;0.008403361;0.008403361;0;0.008403361;0.016806723;0;0;0.016806723;0;0;0;0;0;0;0;0;0;0;0;0;0;0;0;0;0;0;0;0;0;0.008403361;0;0;0;0;0.025210084;0
29-05-2019 17:00;0;0;0;0.008403361;0;0;0.008403361;0.008403361;0;0;0;0;0;0;0;0;0;0.008403361;0;0;0;0;0;0;0;0;0;0.008403361;0;0.008403361;0;0;0.008403361;0.008403361;0;0;0;0;0
29-05-2019 18:00;0;0;0;0.008403361;0;0;0;0;0;0;0;0;0;0;0;0;0;0;0;0.016806723;0;0;0.008403361;0;0;0;0.008403361;0;0;0;0;0;0;0;0;0;0;0.008403361;0
29-05-2019 19:00;0;0;0;0.008403361;0;0;0;0;0;0;0;0;0;0;0;0;0;0;0;0;0;0;0;0;0;0;0;0;0;0;0;0;0;0;0;0;0;0;0
29-05-2019 20:00;0;0;0;0.008403361;0;0;0;0;0;0;0;0;0;0;0;0;0;0;0;0;0;0;0;0;0;0;0;0;0;0;0;0;0;0;0.008403361;0;0;0;0
29-05-2019 21:00;0;0;0;0;0;0;0;0;0;0;0;0;0;0;0;0;0;0;0;0;0;0;0;0;0;0;0;0;0;0;0;0;0.008403361;0;0;0;0;0;0
29-05-2019 22:00;0;0;0;0.008403361;0;0;0;0;0;0;0;0;0;0;0;0;0;0;0;0;0;0;0;0;0.008403361;0;0;0;0;0;0;0;0;0;0;0;0;0;0
29-05-2019 23:00;0;0;0;0;0;0;0;0;0;0;0;0;0;0;0;0;0;0;0;0;0;0;0;0;0;0;0;0;0;0;0;0;0;0;0;0;0;0.008403361;0
30-05-2019 00:00;0;0;0;0;0;0;0;0;0;0;0;0;0;0;0;0;0;0;0.008403361;0;0;0;0;0.008403361;0;0;0;0;0;0;0;0;0;0;0;0;0;0;0
30-05-2019 01:00;0;0;0;0;0;0;0;0;0;0;0;0;0;0;0;0;0;0;0;0;0;0;0;0;0;0;0;0;0;0;0;0;0;0;0;0;0;0;0
30-05-2019 02:00;0;0;0;0.016806723;0;0;0;0;0;0;0;0;0;0;0;0;0;0;0;0;0;0;0;0;0;0;0;0;0;0;0;0;0;0;0;0;0;0;0
30-05-2019 03:00;0;0;0;0;0.008403361;0;0;0;0;0;0;0;0;0;0;0.008403361;0;0;0;0;0;0;0;0;0;0.008403361;0;0;0;0;0.008403361;0;0;0;0;0;0;0;0
30-05-2019 04:00;0;0;0;0;0;0;0;0;0;0.008403361;0;0;0;0;0;0.008403361;0;0;0;0;0.008403361;0;0;0;0;0;0;0;0;0;0;0.008403361;0;0;0;0;0;0;0
30-05-2019 05:00;0;0;0;0.008403361;0;0;0;0;0;0;0;0;0;0;0;0;0;0;0;0;0;0;0;0;0;0;0;0;0;0;0;0;0;0;0;0;0;0;0
30-05-2019 06:00;0;0.008403361;0;0;0;0;0;0;0;0;0;0;0;0;0;0;0;0;0;0;0;0;0;0;0;0;0;0;0;0;0;0;0;0;0;0;0;0;0
30-05-2019 07:00;0;0;0;0;0;0;0;0;0;0;0;0;0;0;0;0;0;0;0;0;0;0;0;0;0;0;0;0;0;0;0;0;0;0;0;0;0;0;0
30-05-2019 08:00;0;0;0;0;0;0;0;0;0;0;0;0;0;0;0;0;0;0;0;0;0;0;0;0;0;0;0;0;0;0;0;0;0;0;0;0;0;0;0
30-05-2019 09:00;0;0;0;0;0;0;0;0;0;0;0;0;0;0;0;0;0;0;0;0;0;0;0;0;0;0;0;0;0;0;0;0;0;0;0;0;0;0;0
30-05-2019 10:00;0;0;0;0;0;0;0;0;0;0;0;0;0;0;0;0;0;0;0;0;0;0;0;0;0;0;0;0;0;0;0;0;0;0;0;0;0;0;0
30-05-2019 11:00;0;0;0;0;0;0;0;0;0;0;0;0;0;0;0;0;0;0;0;0;0;0;0;0;0;0;0;0;0;0;0;0;0;0;0;0;0;0;0
30-05-2019 12:00;0;0;0;0;0;0;0;0;0;0;0;0;0;0;0;0;0;0;0;0;0;0;0;0;0;0;0;0;0;0;0;0;0;0;0;0;0;0;0
30-05-2019 13:00;0;0;0;0.008403361;0;0;0;0;0;0;0;0;0;0;0;0;0;0;0;0;0;0;0;0;0;0;0;0;0;0;0;0;0;0;0;0;0;0;0
30-05-2019 14:00;0;0;0;0;0;0;0;0;0;0;0;0;0;0;0;0;0;0;0;0;0;0;0;0;0;0;0;0;0;0;0;0;0;0;0;0;0;0;0
30-05-2019 15:00;0;0;0;0;0;0;0;0;0;0;0;0;0;0;0;0;0;0;0;0;0;0;0;0;0;0;0;0;0;0;0;0;0;0;0;0;0;0;0
30-05-2019 16:00;0;0;0;0;0;0;0;0;0;0;0;0;0;0;0;0;0;0;0;0;0;0;0;0;0;0;0;0;0;0;0;0;0;0;0;0;0;0;0
30-05-2019 17:00;0;0;0;0;0;0;0;0;0;0;0;0;0;0;0;0;0;0;0;0;0;0;0;0;0;0;0;0;0;0;0;0;0;0;0;0;0;0;0
30-05-2019 18:00;0;0;0;0;0;0;0;0;0;0;0;0;0;0;0;0;0;0;0;0;0;0;0;0;0;0;0;0;0;0;0;0;0;0;0;0;0;0;0
30-05-2019 19:00;0;0;0;0;0;0;0;0;0;0;0;0;0;0;0;0;0;0;0;0;0;0;0;0;0;0;0;0;0;0;0;0;0;0;0;0;0;0;0
30-05-2019 20:00;0;0;0;0;0;0;0;0;0;0;0;0;0;0;0;0;0;0;0;0;0;0;0;0;0;0;0;0;0;0;0;0;0;0;0;0;0;0;0
30-05-2019 21:00;0;0;0;0;0;0;0;0;0;0;0;0;0;0;0;0;0;0;0;0;0;0;0;0;0;0;0;0;0;0;0;0;0;0;0;0;0;0;0
30-05-2019 22:00;0;0;0;0;0;0;0;0;0;0;0;0;0;0;0;0;0;0;0;0;0;0;0;0;0;0;0;0;0;0;0;0;0;0;0;0;0;0;0
30-05-2019 23:00;0;0;0;0;0;0;0;0;0;0;0;0;0;0;0;0;0;0;0;0;0;0;0;0;0;0;0;0;0;0;0;0;0;0;0;0;0;0;0
31-05-2019 00:00;0;0;0;0;0;0;0;0;0;0;0;0;0;0;0;0;0;0;0;0;0;0;0;0;0;0;0;0;0;0;0;0;0;0;0;0;0;0;0
31-05-2019 01:00;0;0;0;0;0;0;0;0;0;0;0;0;0;0;0;0;0;0;0;0;0;0;0;0;0;0;0;0;0;0;0;0;0;0;0;0;0;0;0
31-05-2019 02:00;0;0;0;0;0;0;0;0;0;0;0;0;0;0;0;0;0;0;0;0;0;0;0;0;0;0;0;0;0;0;0;0;0;0;0;0;0;0;0
31-05-2019 03:00;0;0;0;0;0;0;0;0;0;0;0;0;0;0;0;0;0;0;0;0;0;0;0;0;0;0;0;0;0;0;0;0;0;0;0;0;0;0;0
31-05-2019 04:00;0;0;0;0;0;0;0;0;0;0;0;0;0;0;0;0;0;0;0;0;0;0;0;0;0;0;0;0;0;0;0;0;0;0;0;0;0;0;0
31-05-2019 05:00;0;0;0;0;0;0;0;0;0;0;0;0;0;0;0;0;0;0;0;0;0;0;0;0;0;0;0;0;0;0;0;0;0;0;0;0;0;0;0
31-05-2019 06:00;0;0;0;0;0;0;0;0;0;0;0;0;0;0;0;0;0;0;0;0;0;0;0;0;0;0;0;0;0;0;0;0;0;0;0;0;0;0;0
31-05-2019 07:00;0;0;0;0;0;0;0;0;0;0;0;0;0;0;0;0;0;0;0;0;0;0;0;0;0;0;0;0;0;0;0;0;0;0;0;0;0;0;0
31-05-2019 08:00;0;0;0;0;0;0;0;0;0;0;0;0;0;0;0;0;0;0;0;0;0;0;0;0;0;0;0;0;0;0;0;0;0;0;0;0;0;0;0
31-05-2019 09:00;0;0;0;0;0;0;0;0;0;0;0;0;0;0;0;0;0;0;0;0;0;0;0;0;0;0;0;0;0;0;0;0;0;0;0;0;0;0;0
31-05-2019 10:00;0;0;0;0;0;0;0;0;0;0;0;0;0;0;0;0;0;0;0;0;0;0;0;0;0;0;0;0;0;0;0;0;0;0;0;0;0;0;0
31-05-2019 11:00;0;0;0;0;0;0;0;0;0;0;0;0;0;0;0;0;0;0;0;0;0;0;0;0;0;0;0;0;0;0;0;0;0;0;0;0;0;0;0
31-05-2019 12:00;0;0;0;0;0;0;0;0;0;0;0;0;0;0;0;0;0;0;0;0;0;0;0;0;0;0;0;0;0;0;0;0;0;0;0;0;0;0;0
31-05-2019 13:00;0;0;0;0;0;0;0;0;0;0;0;0;0;0;0;0;0;0;0;0;0;0;0;0;0;0;0;0;0;0;0;0;0;0;0;0;0;0;0
31-05-2019 14:00;0;0;0;0;0;0;0;0;0;0;0;0;0;0;0;0;0;0;0;0;0;0;0;0;0;0;0;0;0;0;0;0;0;0;0;0;0;0;0
31-05-2019 15:00;0;0;0;0;0;0;0;0;0;0;0;0;0;0;0;0;0;0;0;0;0;0;0;0;0;0;0;0;0;0;0;0;0;0;0;0;0;0;0
31-05-2019 16:00;0;0;0;0;0;0;0;0;0;0;0;0;0;0;0;0;0;0;0;0;0;0;0;0;0;0;0;0;0;0;0;0;0;0;0;0;0;0;0
31-05-2019 17:00;0;0;0;0;0;0;0;0;0;0;0;0;0;0;0;0;0;0;0;0;0;0;0;0;0;0;0;0;0;0;0;0;0;0;0;0;0;0;0
31-05-2019 18:00;0;0;0;0;0;0;0;0;0;0;0;0;0;0;0;0;0;0;0;0;0;0;0;0;0;0;0;0;0;0;0;0;0;0;0;0;0;0;0
31-05-2019 19:00;0;0;0;0;0;0;0;0;0;0;0;0;0;0;0;0;0;0;0;0;0;0;0;0;0;0;0;0;0;0;0;0;0;0;0;0;0;0;0
31-05-2019 20:00;0;0;0;0;0;0;0;0;0;0;0;0;0;0;0;0;0;0;0;0;0;0;0;0;0;0;0;0;0;0;0;0;0;0;0;0;0;0;0
31-05-2019 21:00;0;0;0;0;0;0;0;0;0;0;0;0;0;0;0;0;0;0;0;0;0;0;0;0;0;0;0;0;0;0;0;0;0;0;0;0;0;0;0
31-05-2019 22:00;0;0;0;0;0;0;0;0;0;0;0;0;0;0;0;0;0;0;0;0;0;0;0;0;0;0;0;0;0;0;0;0;0;0;0;0;0;0;0
31-05-2019 23:00;0;0;0;0;0;0;0;0;0;0;0;0;0;0;0;0;0;0;0;0;0;0;0;0;0;0;0;0;0;0;0;0;0;0;0;0;0;0;0
25-07-2019 00:00;0;0;0;0;0;0;0;0;0;0;0;0;0;0;0;0;0;0;0;0;0;0;0;0;0;0;0;0;0;0;0;0;0;0;0;0;0;0;0
25-07-2019 01:00;0;0.067226891;0;0;0;0;0;0;0;0;0;0;0;0;0;0;0;0;0;0;0;0;0;0;0;0;0;0;0;0;0;0;0;0;0;0;0;0;0
25-07-2019 02:00;0;0;0;0;0;0;0;0;0;0;0;0;0;0;0;0;0;0;0;0;0;0;0;0;0;0;0;0;0;0;0;0;0;0;0;0;0;0;0
25-07-2019 03:00;0;0;0;0;0;0;0;0;0;0;0;0;0;0;0;0;0;0;0;0;0;0;0;0;0;0;0;0;0;0;0;0;0;0;0;0;0;0;0
25-07-2019 04:00;0;0;0;0;0;0;0;0;0;0;0;0;0;0;0;0;0;0;0;0;0;0;0;0;0;0;0;0;0;0;0;0;0;0;0;0;0;0;0
25-07-2019 05:00;0;0;0;0;0;0;0;0;0;0;0;0;0;0;0;0;0;0;0;0;0;0;0;0;0;0;0;0;0;0;0;0;0;0;0;0;0;0;0
25-07-2019 06:00;0;0;0;0;0;0;0;0;0;0;0;0;0;0;0;0;0;0;0;0;0;0;0;0;0;0;0;0;0;0;0;0;0;0;0;0;0;0;0
25-07-2019 07:00;0;0;0;0;0;0;0;0;0;0;0;0;0;0;0;0;0;0;0;0;0;0;0;0;0;0;0;0;0;0;0;0;0;0;0;0;0;0;0
25-07-2019 08:00;0;0;0;0;0;0;0;0;0;0;0;0;0;0;0;0;0;0;0;0;0;0;0;0;0;0;0;0;0;0;0;0;0;0;0;0;0;0;0
25-07-2019 09:00;0;0;0;0;0;0;0;0;0;0;0;0;0;0;0;0;0;0;0;0;0;0;0;0;0;0;0;0;0;0;0;0;0;0;0;0;0;0;0
25-07-2019 10:00;0;0;0;0;0;0;0;0;0;0;0;0;0;0;0;0;0;0;0;0;0;0;0;0;0;0;0;0;0;0;0;0;0;0;0;0;0;0;0
25-07-2019 11:00;0;0;0;0;0;0;0;0;0;0;0;0;0;0;0;0;0;0;0;0;0;0;0;0;0;0;0;0;0;0;0;0;0;0;0;0;0;0;0
25-07-2019 12:00;0;0;0;0;0;0;0;0;0;0;0;0;0;0;0;0;0;0;0;0;0;0;0;0;0;0;0;0;0;0;0;0;0;0;0;0;0;0;0
25-07-2019 13:00;0;0;0;0;0;0;0;0;0;0;0;0;0;0;0;0;0;0;0;0;0;0;0;0;0;0;0;0;0;0;0;0;0;0;0;0;0;0;0
25-07-2019 14:00;0;0;0;0;0;0;0;0;0;0;0;0;0;0.109243697;0;0;0;0;0;0;0;0;0;0;0;0;0;0;0;0;0;0;0;0;0;0;0;0;0
25-07-2019 15:00;0;0;0;0;0;0;0;0;0;0;0;0;0;0.008403361;0;0;0;0;0;0;0;0;0;0;0;0;0;0;0;0;0;0;0;0;0;0;0;0;0
25-07-2019 16:00;0;0;0;0;0;0;0;0;0;0;0;0;0;0;0;0;0;0;0;0;0;0;0;0;0;0;0;0;0;0;0;0;0;0;0;0;0;0;0
25-07-2019 17:00;0;0;0;0;0;0;0;0;0;0;0;0;0;0;0;0;0;0;0;0;0;0;0;0;0;0;0;0;0;0;0;0;0;0;0;0;0;0;0
25-07-2019 18:00;0;0;0;0;0;0;0;0;0;0;0;0;0;0;0;0;0;0;0;0;0;0;0;0;0;0;0;0;0;0;0;0;0;0;0;0;0;0;0
25-07-2019 19:00;0;0;0;0;0;0;0;0;0;0;0;0;0;0;0;0;0;0;0;0;0;0;0;0;0;0;0;0;0;0;0;0;0;0;0;0;0;0;0
25-07-2019 20:00;0;0;0;0;0;0;0;0;0;0;0;0;0;0;0;0;0;0;0;0;0;0;0;0;0;0;0;0;0;0;0;0;0;0;0;0;0;0;0
25-07-2019 21:00;0;0;0;0;0;0;0;0;0;0;0;0;0;0;0;0;0;0;0;0;0;0;0;0;0;0;0;0.033613445;0;0;0;0;0;0;0;0;0;0;0
25-07-2019 22:00;0;0;0;0;0;0;0;0;0;0;0;0;0;0;0;0;0;0;0;0;0;0;0;0;0;0;0;0;0;0;0;0;0;0;0;0;0;0;0
25-07-2019 23:00;0;0;0;0;0;0;0;0;0;0;0;0;0;0;0;0;0;0;0;0;0;0;0;0;0;0;0;0;0;0;0;0;0;0;0;0;0;0;0
26-07-2019 00:00;0;0;0;0;0;0;0;0;0;0;0;0;0;0;0;0;0;0;0;0;0;0;0;0;0;0;0;0;0;0;0;0;0;0;0;0;0;0;0
26-07-2019 01:00;0;0;0;0;0;0;0;0;0;0;0;0;0;0;0;0;0;0;0;0;0;0;0;0;0;0;0;0;0;0;0;0;0;0;0;0;0;0;0
26-07-2019 02:00;0;0;0;0;0;0;0;0;0;0;0;0;0;0;0;0;0;0;0;0;0;0;0;0;0;0;0;0;0;0;0;0;0;0;0;0;0;0;0
26-07-2019 03:00;0;0;0;0;0;0;0;0;0;0;0;0;0;0;0;0;0;0;0;0;0;0;0;0;0;0;0;0;0;0;0;0;0;0;0;0;0;0;0
26-07-2019 04:00;0;0;0;0;0;0;0;0;0;0;0;0;0;0;0;0;0;0;0;0;0;0;0;0;0;0;0;0;0;0;0;0;0;0;0;0;0;0;0
26-07-2019 05:00;0;0;0;0;0;0;0;0;0;0;0;0;0;0;0;0;0;0;0;0;0;0;0;0;0;0;0;0;0;0;0;0;0;0;0;0;0;0;0
26-07-2019 06:00;0;0;0;0;0;0;0;0;0;0;0;0;0;0;0;0;0;0;0;0;0;0;0;0;0;0;0;0;0;0;0;0;0;0;0;0;0;0;0
26-07-2019 07:00;0;0;0;0;0;0;0;0;0;0;0;0;0;0;0;0;0;0;0;0;0;0;0;0;0;0;0;0;0;0;0;0;0;0;0;0;0;0;0
26-07-2019 08:00;0;0;0;0;0;0;0;0;0;0;0;0;0;0;0;0;0;0;0;0;0;0;0;0;0;0;0;0;0;0;0;0;0;0;0;0;0;0;0
26-07-2019 09:00;0;0;0;0;0;0;0;0;0;0;0;0;0;0;0;0;0;0;0;0;0;0;0;0;0;0;0;0;0;0;0;0;0;0;0;0;0;0;0
26-07-2019 10:00;0;0;0;0;0;0;0;0;0;0;0;0;0;0;0;0;0;0;0;0;0;0;0;0;0;0;0;0;0;0;0;0;0;0;0;0;0;0;0
26-07-2019 11:00;0;0;0;0;0;0;0;0;0;0;0;0;0;0;0;0;0;0;0;0;0;0;0;0;0;0;0;0;0;0;0;0;0;0;0;0;0;0;0
26-07-2019 12:00;0;0;0;0;0;0;0;0;0;0;0;0;0;0;0;0;0;0;0;0;0;0;0;0;0;0;0;0;0;0;0;0;0;0;0;0;0;0;0
26-07-2019 13:00;0;0;0;0;0;0;0;0;0;0;0;0;0;0;0;0;0;0;0;0;0;0;0;0;0;0;0;0;0;0;0;0;0;0;0;0;0;0;0
26-07-2019 14:00;0;0;0;0;0;0;0;0;0;0;0;0;0;0;0;0;0;0;0;0;0;0;0;0;0;0;0;0;0;0;0;0;0;0;0;0;0;0;0
26-07-2019 15:00;0;0;0;0;0;0;0;0;0;0;0;0;0;0;0;0;0;0;0;0;0;0;0;0;0;0;0;0;0;0;0;0;0;0;0;0;0;0;0
26-07-2019 16:00;0;0;0;0;0;0;0;0;0;0;0;0;0;0;0;0;0;0;0;0;0;0;0;0;0;0;0;0;0;0;0;0;0;0;0;0;0;0;0
26-07-2019 17:00;0;0;0;0;0;0;0;0;0;0;0;0;0;0;0;0;0;0;0;0;0;0;0;0;0;0;0;0;0;0;0;0;0;0;0;0;0;0;0
26-07-2019 18:00;0;0;0;0;0;0;0;0;0;0;0;0;0;0;0;0;0;0;0;0;0;0;0;0;0;0;0;0;0;0;0;0;0;0;0;0;0;0;0
26-07-2019 19:00;0;0;0;0;0;0;0;0;0;0;0;0;0;0;0;0;0;0;0;0;0;0;0;0;0;0;0;0;0;0;0;0;0;0;0;0;0;0;0
26-07-2019 20:00;0;0;0;0;0;0;0;0;0;0;0;0;0;0;0;0;0;0;0;0;0;0;0;0;0;0;0;0;0;0;0;0;0;0;0;0;0;0;0
26-07-2019 21:00;0;0;0;0;0;0;0;0;0;0;0;0;0;0;0;0;0;0;0;0;0;0;0;0;0;0;0;0;0;0;0;0;0;0;0;0;0;0;0
26-07-2019 22:00;0;0;0;0;0;0;0;0;0;0;0;0;0;0;0;0;0;0;0;0;0;0;0;0;0;0;0;0;0;0;0;0;0;0;0;0;0;0;0
26-07-2019 23:00;0;0;0;0;0;0;0;0;0;0;0;0;0;0;0;0;0;0;0;0;0;0;0;0;0;0;0;0;0;0;0;0;0;0;0;0;0;0;0
27-07-2019 00:00;0;0;0;0;0;0;0;0;0;0;0;0;0;0;0;0;0;0;0;0;0;0;0;0;0;0;0;0;0;0;0;0;0;0;0;0;0;0;0
27-07-2019 01:00;0;0;0;0;0;0;0;0;0;0;0;0;0;0;0;0;0;0;0;0;0;0;0;0;0;0;0;0;0;0;0;0;0;0;0;0;0;0;0
27-07-2019 02:00;0;0;0;0;0;0;0;0;0;0;0;0;0;0;0;0;0;0;0;0;0;0;0;0;0;0;0;0;0;0;0;0;0;0;0;0;0;0;0
27-07-2019 03:00;0;0;0;0;0;0;0;0;0;0;0;0;0;0;0;0;0;0;0;0;0;0;0;0;0;0;0;0;0;0;0;0;0;0;0;0;0;0;0
27-07-2019 04:00;0;0;0;0;0;0;0;0;0;0;0;0;0;0;0;0;0;0;0;0;0;0;0;0;0;0;0;0;0;0;0;0;0;0;0;0;0;0;0
27-07-2019 05:00;0;0;0;0;0;0;0;0;0;0;0;0;0;0;0;0;0;0;0;0;0;0;0;0;0;0;0;0;0;0;0;0;0;0;0;0;0;0;0
27-07-2019 06:00;0;0;0;0;0;0;0;0;0;0;0;0;0;0;0;0;0;0;0;0;0;0;0;0;0;0;0;0;0;0;0;0;0;0;0;0;0;0;0
27-07-2019 07:00;0;0;0;0;0;0;0;0;0;0;0;0;0;0;0;0;0;0;0;0;0;0;0;0;0;0;0;0;0;0;0;0;0;0;0;0;0;0;0
27-07-2019 08:00;0;0;0;0;0;0;0;0;0;0;0;0;0;0;0;0;0;0;0;0;0;0;0;0;0;0;0;0;0;0;0;0;0;0;0;0;0;0;0
27-07-2019 09:00;0;0;0;0;0;0;0;0;0;0;0;0;0;0;0;0;0;0;0;0;0;0;0;0;0;0;0;0;0;0;0;0;0;0;0;0;0;0;0
27-07-2019 10:00;0;0;0;0;0;0;0;0;0;0;0;0;0;0;0;0;0;0;0;0;0;0;0;0;0;0;0;0;0;0;0;0;0;0;0;0;0;0;0
27-07-2019 11:00;0;0;0;0;0;0;0;0;0;0;0;0;0;0;0;0;0;0;0;0;0;0;0;0;0;0;0;0;0;0;0;0;0;0;0;0;0;0;0
27-07-2019 12:00;0;0;0;0;0;0;0;0;0;0;0;0;0;0;0;0;0;0;0;0;0;0;0;0;0;0;0;0;0;0;0;0;0;0;0;0;0;0;0
27-07-2019 13:00;0;0;0;0;0;0;0;0;0;0;0;0;0;0;0;0;0;0;0;0;0;0;0;0;0;0;0;0;0;0;0;0;0;0;0;0;0;0;0
27-07-2019 14:00;0;0;0;0;0;0;0;0;0;0;0;0;0;0;0;0;0;0;0;0;0;0;0;0;0;0;0;0;0;0;0;0;0;0;0;0;0;0;0
27-07-2019 15:00;0;0;0;0;0;0;0;0;0;0;0;0;0;0;0;0;0;0;0;0;0;0;0;0;0;0;0;0;0;0;0;0;0;0;0;0;0;0;0
27-07-2019 16:00;0;0;0;0;0;0;0;0;0;0;0;0;0;0;0;0;0;0;0;0;0;0;0;0;0;0;0;0;0;0;0;0;0;0;0;0;0;0;0
27-07-2019 17:00;0;0;0;0;0;0;0;0;0;0;0;0;0;0;0;0;0;0;0;0;0;0;0;0;0;0;0;0;0;0;0;0;0;0;0;0;0;0;0
27-07-2019 18:00;0;0;0;0;0;0;0;0;0;0;0;0;0;0;0;0;0;0;0;0;0;0;0;0;0;0;0;0;0;0;0;0;0;0;0;0;0;0;0
27-07-2019 19:00;0;0;0;0;0;0;0;0;0;0;0;0;0;0;0;0;0;0;0;0;0;0;0;0;0;0;0;0;0;0;0;0;0;0;0;0;0;0;0
27-07-2019 20:00;0;0;0;0;0;0;0;0;0;0;0;0;0;0;0;0;0;0;0;0;0;0;0;0;0;0;0;0;0;0;0;0;0;0;0;0;0;0;0
27-07-2019 21:00;0;0;0;0;0;0;0;0;0;0;0;0;0;0;0;0;0;0;0;0;0;0;0;0;0;0;0;0;0;0;0;0;0;0;0;0;0;0;0
27-07-2019 22:00;0;0;0;0;0;0;0;0;0;0;0;0;0;0;0;0;0;0;0;0;0;0;0;0;0;0;0;0;0;0;0;0;0;0;0;0;0;0;0
27-07-2019 23:00;0;0;0;0;0;0;0;0;0;0;0;0;0;0;0;0;0;0;0;0;0;0;0;0;0;0;0;0;0;0;0;0;0;0;0;0;0;0;0
28-07-2019 00:00;0;0;0;0;0;0;0;0;0;0;0;0;0;0;0;0;0;0;0;0;0;0;0;0;0;0;0;0;0;0;0;0;0;0;0;0;0;0;0
28-07-2019 01:00;0;0;0;0;0;0;0;0;0;0;0;0;0;0;0;0;0;0;0;0;0;0;0;0;0;0;0;0;0;0;0;0;0;0;0;0;0;0;0
28-07-2019 02:00;0;0;0;0;0;0;0;0;0;0;0;0;0;0;0;0;0;0;0;0;0;0;0;0;0;0;0;0;0;0;0;0;0;0;0;0;0;0;0
28-07-2019 03:00;0;0;0;0;0;0;0;0;0;0;0;0;0;0;0;0;0;0;0;0;0;0;0;0;0;0;0;0;0;0;0;0;0;0;0;0;0;0;0
28-07-2019 04:00;0;0;0;0;0;0;0;0;0;0;0;0;0;0;0;0;0;0;0;0;0;0;0;0;0;0;0;0;0;0;0;0;0;0;0;0;0;0;0
28-07-2019 05:00;0;0;0;0;0;0;0;0;0;0;0;0;0;0;0;0;0;0;0;0;0;0;0;0;0;0;0;0;0;0;0;0;0;0;0;0;0;0;0
28-07-2019 06:00;0;0;0;0;0;0;0;0;0;0;0;0;0;0;0;0;0;0;0;0;0;0;0;0;0;0;0;0;0;0;0;0;0;0;0;0;0;0;0
28-07-2019 07:00;0;0;0;0;0;0;0;0;0;0;0;0;0;0;0;0;0;0;0;0;0;0;0;0;0;0;0;0;0;0;0;0;0;0;0;0;0;0;0
28-07-2019 08:00;0;0;0;0;0;0;0;0;0;0;0;0;0;0;0;0;0;0;0;0;0;0;0;0;0;0;0;0;0;0;0;0;0;0;0;0;0;0;0
28-07-2019 09:00;0;0;0;0;0;0;0;0;0;0;0;0;0;0;0;0;0;0;0;0;0;0;0;0;0;0;0;0;0;0;0;0;0;0;0;0;0;0;0
28-07-2019 10:00;0;0;0;0;0;0;0;0;0;0;0;0;0;0;0;0;0;0;0;0;0;0;0;0;0;0;0;0;0;0;0;0;0;0;0;0;0;0;0
28-07-2019 11:00;0;0;0;0;0;0;0;0;0;0;0;0;0;0;0;0;0;0;0;0;0;0;0;0;0;0;0;0;0;0;0;0;0;0;0;0;0;0;0
28-07-2019 12:00;0;0;0;0;0;0;0;0;0;0;0;0;0;0;0;0;0;0;0;0;0;0;0;0;0;0;0;0;0;0;0;0;0;0;0;0;0;0;0
28-07-2019 13:00;0;0;0;0;0;0;0;0;0;0;0;0;0;0;0;0;0;0;0;0;0;0;0;0;0;0;0;0;0;0;0;0;0;0;0;0;0;0;0
28-07-2019 14:00;0;0;0;0;0;0;0;0;0;0;0;0;0;0;0;0;0;0;0;0;0;0;0;0;0;0;0;0;0;0;0;0;0;0;0;0;0;0;0
28-07-2019 15:00;0;0;0;0;0;0;0;0;0;0;0;0;0;0;0;0;0;0;0;0;0;0;0;0;0;0;0;0;0;0;0;0;0;0;0;0;0;0;0
28-07-2019 16:00;0;0;0;0;0;0;0;0;0;0;0;0;0;0;0;0;0;0;0;0;0;0;0;0;0;0;0;0;0;0;0;0;0;0;0;0;0;0;0
28-07-2019 17:00;0;0;0;0;0;0;0;0;0;0;0;0;0;0;0;0;0;0;0;0;0;0;0;0;0;0;0;0;0;0;0;0;0;0;0;0;0;0;0
28-07-2019 18:00;0;0;0;0;0;0;0;0;0;0;0;0;0;0;0;0;0;0;0;0;0;0;0;0;0;0;0;0;0;0;0;0;0;0;0;0;0;0;0
28-07-2019 19:00;0;0;0;0;0;0;0;0;0;0;0;0;0;0;0;0;0;0;0;0;0;0;0;0;0;0;0;0;0;0;0;0;0;0;0;0;0;0;0
28-07-2019 20:00;0;0;0;0;0;0;0;0;0;0;0;0;0;0;0;0;0;0;0;0;0;0;0;0;0;0;0;0;0;0;0;0;0;0;0;0;0;0;0
28-07-2019 21:00;0;0;0;0;0;0;0;0;0;0;0;0;0;0;0;0;0;0;0;0;0;0;0;0;0;0;0;0;0;0;0;0;0;0;0;0;0;0;0
28-07-2019 22:00;0;0;0;0;0;0;0;0;0;0;0;0;0;0;0;0;0;0;0;0;0;0;0;0;0;0;0;0;0;0;0;0;0;0;0;0;0;0;0
28-07-2019 23:00;0;0;0;0;0;0;0;0;0;0;0;0;0;0;0;0;0;0;0;0;0;0;0;0;0;0;0;0;0;0;0;0;0;0;0;0;0;0;0
29-07-2019 00:00;0;0;0;0;0;0;0;0;0;0;0;0;0;0;0;0;0;0;0;0;0;0;0;0;0;0;0;0;0;0;0;0;0;0;0;0;0;0;0
29-07-2019 01:00;0;0;0;0;0;0;0;0;0;0;0;0;0;0;0;0;0;0;0;0;0;0;0;0;0;0;0;0;0;0;0;0;0;0;0;0;0;0;0
29-07-2019 02:00;0;0;0;0;0;0;0;0;0;0;0;0;0;0;0;0;0;0;0;0;0;0;0;0;0;0;0;0;0;0;0;0;0;0;0;0;0;0;0
29-07-2019 03:00;0;0;0;0;0;0;0;0;0;0;0;0;0;0;0;0;0;0;0;0;0;0;0;0;0;0;0;0;0;0;0;0;0;0;0;0;0;0;0
29-07-2019 04:00;0;0;0;0;0;0;0;0;0;0;0;0;0;0;0;0;0;0;0;0;0;0;0;0;0;0;0;0;0;0;0;0;0;0;0;0;0;0;0
29-07-2019 05:00;0;0;0;0;0;0;0;0;0;0;0;0;0;0;0;0;0;0;0;0;0;0;0;0;0;0;0;0;0;0;0;0;0;0;0;0;0;0;0
29-07-2019 06:00;0;0;0;0;0;0;0;0;0;0;0;0;0;0;0;0;0;0;0;0;0;0;0;0;0;0;0;0;0;0;0;0;0;0;0;0;0;0;0
29-07-2019 07:00;0;0;0;0;0;0;0;0;0;0;0;0;0;0;0;0;0;0;0;0;0;0;0;0;0;0;0;0;0;0;0;0;0;0;0;0;0;0;0
29-07-2019 08:00;0;0;0;0;0;0;0;0;0;0;0;0;0;0;0;0;0;0;0;0;0;0;0;0;0;0;0;0;0;0;0;0;0;0;0;0;0;0;0
29-07-2019 09:00;0;0;0;0;0;0;0;0;0;0;0;0;0;0;0;0;0;0;0;0;0;0;0;0;0;0;0;0;0;0;0;0;0;0;0;0;0;0;0
29-07-2019 10:00;0;0;0;0;0;0;0;0;0;0;0;0;0;0;0;0;0;0;0;0;0;0;0;0;0;0;0;0;0;0;0;0;0;0;0;0;0;0;0
29-07-2019 11:00;0;0;0;0;0;0;0;0;0;0;0;0;0;0;0;0;0;0;0;0;0;0;0;0;0;0;0;0;0;0;0;0;0;0;0;0;0;0;0
29-07-2019 12:00;0;0;0;0;0;0;0;0;0;0;0;0;0;0;0;0;0;0;0;0;0;0;0;0;0;0;0;0;0;0;0;0;0;0;0;0;0;0;0
29-07-2019 13:00;0;0;0;0;0;0;0;0;0;0;0;0;0;0;0;0;0;0;0;0;0;0;0;0;0;0;0;0;0;0;0;0;0;0;0;0;0;0;0
29-07-2019 14:00;0;0;0;0;0;0;0;0;0;0;0;0;0;0;0;0;0;0;0;0;0;0;0;0;0;0;0;0;0;0;0;0;0;0;0;0;0;0;0
29-07-2019 15:00;0;0;0;0;0;0;0;0;0;0;0;0;0;0;0;0;0;0;0;0;0;0;0;0;0;0;0;0;0;0;0;0;0;0;0;0;0;0;0
29-07-2019 16:00;0;0;0;0;0;0;0;0;0;0;0;0;0;0;0;0;0;0;0;0;0;0;0;0;0;0;0;0;0;0;0;0;0;0;0;0;0;0;0
29-07-2019 17:00;0;0;0;0;0;0;0;0;0;0;0;0;0;0;0;0;0;0;0;0;0;0;0;0;0;0;0;0;0;0;0;0;0;0;0;0;0;0;0
29-07-2019 18:00;0;0;0;0;0;0;0;0;0;0;0;0;0;0;0;0;0;0;0;0;0;0;0;0;0;0;0;0;0;0;0;0;0;0;0;0;0;0;0
29-07-2019 19:00;0;0;0;0;0;0;0;0;0;0;0;0;0;0;0;0;0;0;0;0;0;0;0;0;0;0;0;0;0;0;0;0;0;0;0;0;0;0;0
29-07-2019 20:00;0;0;0;0;0;0;0;0;0;0;0;0;0;0;0;0;0;0;0;0;0;0;0;0;0;0;0;0;0;0;0;0;0;0;0;0;0;0;0
29-07-2019 21:00;0;0;0;0;0;0;0;0;0;0;0;0;0;0;0;0;0;0;0;0;0;0;0;0;0;0;0;0;0;0;0;0;0;0;0;0;0;0;0
29-07-2019 22:00;0;0;0;0;0;0;0;0;0;0;0;0;0;0;0;0;0;0;0;0;0;0;0;0;0;0;0;0;0;0;0;0;0;0;0;0;0;0;0
29-07-2019 23:00;0;0;0;0;0;0;0;0;0;0;0;0;0;0;0;0;0;0;0;0;0;0;0;0;0;0;0;0;0;0;0;0;0;0;0;0;0;0;0
30-07-2019 00:00;0;0;0;0;0;0;0;0;0;0;0;0;0;0;0;0;0;0;0;0;0;0;0;0;0;0;0;0;0;0;0;0;0;0;0;0;0;0;0
30-07-2019 01:00;0;0;0;0;0;0;0;0;0;0;0;0;0;0;0;0;0;0;0;0;0;0;0;0;0;0;0;0;0;0;0;0;0;0;0;0;0;0;0
30-07-2019 02:00;0;0;0;0;0;0;0;0;0;0;0;0;0;0;0;0;0;0;0;0;0;0;0;0;0;0;0;0;0;0;0;0;0;0;0;0;0;0;0
30-07-2019 03:00;0;0;0;0;0;0;0;0;0;0;0;0;0;0;0;0;0;0;0;0;0;0;0;0;0;0;0;0;0;0;0;0;0;0;0;0;0;0;0
30-07-2019 04:00;0;0;0;0;0;0;0;0;0;0;0;0;0;0;0;0;0;0;0;0;0;0;0;0;0;0;0;0;0;0;0;0;0;0;0;0;0;0;0
30-07-2019 05:00;0;0;0;0;0;0;0;0;0;0;0;0;0;0;0;0;0;0;0;0;0;0;0;0;0;0;0;0;0;0;0;0;0;0;0;0;0;0;0
30-07-2019 06:00;0;0;0;0;0;0;0;0;0;0;0;0;0;0;0;0;0;0;0;0;0;0;0;0;0;0;0;0;0;0;0;0;0;0;0;0;0;0;0
30-07-2019 07:00;0;0;0;0;0;0;0;0;0;0;0;0;0;0;0;0;0;0;0;0;0;0;0;0;0;0;0;0;0;0;0;0;0;0;0;0;0;0;0
30-07-2019 08:00;0;0;0;0;0;0;0;0;0;0;0;0;0;0;0;0;0;0;0;0;0;0;0;0;0;0;0;0;0;0;0;0;0;0;0;0;0;0;0
30-07-2019 09:00;0;0;0;0;0;0;0;0;0;0;0;0;0;0;0;0;0;0;0;0;0;0;0;0;0;0;0;0;0;0;0;0;0;0;0;0;0;0;0
30-07-2019 10:00;0;0;0;0;0;0;0;0;0;0;0;0;0;0;0;0;0;0;0;0;0;0;0;0;0;0;0;0;0;0;0;0;0;0;0;0;0;0;0
30-07-2019 11:00;0;0;0;0;0;0;0;0;0;0;0;0;0;0;0;0;0;0;0;0;0;0;0;0;0;0;0;0;0;0;0;0;0;0;0;0;0;0;0
30-07-2019 12:00;0;0;0;0;0;0;0;0;0;0;0;0;0;0;0;0;0;0;0;0;0;0;0;0;0;0;0;0;0;0;0;0;0;0;0;0;0;0;0
30-07-2019 13:00;0;0;0;0;0;0;0;0;0;0;0;0;0;0;0;0;0.016806723;0;0;0;0;0;0;0;0;0;0.12605042;0;0;0;0;0;0;0;0;0;0.210084034;0;0
30-07-2019 14:00;0.117647059;0;0.109243697;0;0;0;0;0;0.016806723;0;0;0.008403361;0.084033613;0.134453782;0;0;0.016806723;0;0;0;0.201680672;0;0;0;0.008403361;0;0;0;0;0;0;0.033613445;0;0.016806723;0;0;0;0;0.016806723
30-07-2019 15:00;0;0;0;0;0.016806723;0;0.008403361;0.218487395;0;0;0.008403361;0;0.008403361;0;0.008403361;0;0;0;0.008403361;0;0.033613445;0;0;0;0;0;0;0;0;0.218487395;0.201680672;0;0;0.008403361;0;0;0;0;0
30-07-2019 16:00;0;0;0;0;0.008403361;0.008403361;0;0.100840336;0;0;0;0;0;0;0.008403361;0;0;0;0.008403361;0.016806723;0;0;0;0;0;0;0;0;0;0;0;0;0.058823529;0;0;0;0;0;0.008403361
30-07-2019 17:00;0;0;0;0;0;0.008403361;0;0;0;0;0;0;0;0;0;0;0.016806723;0;0.008403361;0;0;0;0.008403361;0;0;0;0;0;0;0;0.008403361;0;0.058823529;0;0;0;0;0;0.008403361
30-07-2019 18:00;0;0;0;0.042016807;0;0;0;0;0;0;0;0;0;0;0;0;0;0;0;0;0;0;0;0.008403361;0;0;0;0;0;0;0;0;0.008403361;0;0;0;0;0;0
30-07-2019 19:00;0;0;0;0.016806723;0;0;0;0;0;0;0;0;0;0;0;0;0.008403361;0;0;0.008403361;0;0;0;0;0;0;0;0;0;0;0;0;0.016806723;0;0;0;0;0.016806723;0
30-07-2019 20:00;0;0;0;0.016806723;0;0;0;0;0;0;0;0;0;0;0;0;0;0.008403361;0;0;0;0;0.025210084;0;0;0;0;0;0;0;0;0;0.008403361;0;0;0;0;0.008403361;0
30-07-2019 21:00;0;0;0;0;0;0;0;0;0;0;0;0;0;0;0;0;0;0;0;0;0;0;0;0;0;0;0;0;0;0;0;0;0;0;0;0;0;0;0
30-07-2019 22:00;0;0;0;0;0;0;0;0;0;0;0;0;0;0;0;0;0;0;0.008403361;0;0;0;0;0;0;0;0;0;0;0;0;0;0;0;0;0;0;0;0
30-07-2019 23:00;0;0;0;0;0;0;0;0;0;0;0;0;0;0;0;0;0;0;0;0;0;0;0;0;0;0;0;0;0;0;0;0;0;0;0;0;0;0;0
31-07-2019 00:00;0;0;0;0;0;0;0;0;0;0;0;0;0;0;0;0;0;0;0;0;0;0;0;0;0;0;0;0;0;0;0;0;0;0;0;0;0;0;0
31-07-2019 01:00;0;0;0;0;0;0;0;0;0;0;0;0;0;0;0;0;0;0;0;0;0;0;0;0;0;0;0;0;0;0;0;0;0;0;0;0;0;0;0
31-07-2019 02:00;0;0;0;0;0;0;0;0;0;0;0;0;0;0;0;0;0;0;0;0;0;0;0;0;0;0;0;0;0;0;0;0;0;0;0;0;0;0;0
31-07-2019 03:00;0;0;0;0;0;0;0;0;0;0;0;0;0;0;0;0;0;0;0;0;0;0;0;0;0;0;0;0;0;0;0;0;0;0;0;0;0;0;0
31-07-2019 04:00;0;0;0;0;0;0;0;0;0;0;0;0;0;0;0;0;0;0;0;0;0;0;0;0;0;0;0;0;0;0;0;0;0;0;0;0;0;0;0
31-07-2019 05:00;0;0.016806723;0;0;0;0;0;0;0;0;0;0;0;0;0;0;0;0;0.008403361;0;0;0;0;0;0;0;0;0;0;0;0;0;0;0;0;0;0;0;0
31-07-2019 06:00;0;0;0;0;0;0;0;0;0;0;0;0;0;0;0;0;0;0;0;0;0;0;0;0;0;0;0;0;0;0;0;0;0;0;0;0;0;0;0
31-07-2019 07:00;0;0;0;0;0;0;0;0;0;0;0;0;0;0;0;0;0;0;0;0;0;0;0;0;0;0;0;0;0;0;0;0;0;0;0;0;0;0;0
31-07-2019 08:00;0;0;0;0;0;0;0;0;0;0;0;0;0;0;0;0;0;0;0;0;0;0;0;0;0;0;0;0;0;0;0;0;0;0;0;0;0;0;0
31-07-2019 09:00;0;0;0;0;0;0;0;0;0;0;0;0;0;0;0;0;0;0;0.008403361;0;0;0;0;0;0;0;0;0;0;0;0;0;0;0;0;0;0;0;0
31-07-2019 10:00;0;0;0;0;0;0;0;0;0;0;0;0;0;0;0;0;0;0;0;0;0;0;0;0;0;0;0;0;0;0;0;0;0;0;0;0;0;0;0
31-07-2019 11:00;0;0;0;0;0;0;0;0;0;0;0;0;0;0;0;0;0;0;0;0;0;0;0;0;0;0;0;0;0;0;0;0;0;0;0;0.016806723;0;0;0
31-07-2019 12:00;0;0;0;0;0;0;0;0;0;0;0;0;0;0;0;0;0;0;0;0;0;0;0;0;0;0;0;0;0;0;0;0;0;0;0.008403361;0;0;0;0
31-07-2019 13:00;0;0;0;0;0;0;0;0;0;0;0;0;0;0;0;0;0;0;0;0;0;0;0;0;0;0;0;0;0;0;0;0;0;0;0;0;0;0;0
31-07-2019 14:00;0;0;0;0;0;0;0;0;0.008403361;0;0;0;0;0;0;0;0;0;0;0;0;0;0;0;0;0;0;0;0;0;0;0;0;0;0;0;0;0;0
31-07-2019 15:00;0;0;0;0;0;0;0;0;0;0;0;0;0;0;0;0;0;0;0;0;0;0;0;0;0;0;0;0;0;0;0;0;0;0;0;0;0;0;0
31-07-2019 16:00;0;0;0;0;0;0;0;0;0;0;0;0;0;0;0;0;0;0;0;0;0;0;0;0;0;0;0;0;0;0;0;0;0;0;0;0;0;0;0
31-07-2019 17:00;0;0;0;0;0;0;0;0;0;0;0;0;0;0;0;0;0;0;0;0;0;0;0;0;0;0;0;0;0;0;0;0;0;0;0;0;0;0;0
31-07-2019 18:00;0;0;0;0;0;0;0;0;0;0;0;0;0;0;0;0;0;0;0;0;0;0;0;0.008403361;0;0;0.067226891;0;0;0;0;0;0;0;0;0;0.050420168;0;0
31-07-2019 19:00;0;0;0;0;0;0;0;0;0;0;0;0;0;0;0;0;0;0;0;0;0;0;0;0;0;0;0;0;0;0;0;0;0;0;0;0;0.008403361;0;0
31-07-2019 20:00;0;0;0;0;0;0;0;0;0;0;0;0;0;0;0;0;0;0;0;0;0;0;0;0;0;0;0;0;0;0;0;0;0;0;0;0;0;0;0
31-07-2019 21:00;0;0;0;0;0;0;0;0;0;0;0;0;0.008403361;0;0;0;0;0;0;0;0;0;0;0;0;0;0;0;0;0;0;0;0;0;0;0;0;0;0
31-07-2019 22:00;0;0;0;0;0;0;0;0;0;0;0;0;0;0;0;0;0;0;0;0;0;0;0;0;0;0;0;0;0;0;0;0;0;0;0;0;0;0;0
31-07-2019 23:00;0;0;0;0;0;0;0;0;0;0;0;0;0;0;0;0;0;0;0;0;0;0;0;0;0;0;0;0.008403361;0;0;0;0;0;0;0;0;0;0;0
25-10-2019 00:00;0;0.008403361;0;0.008403361;0;0;0.008403361;0.008403361;0;0;0;0;0;0.008403361;0;0;0;0.008403361;0;0;0;0;0.016806723;0;0;0.008403361;0.008403361;0;0.008403361;0.008403361;0.008403361;0;0.008403361;0.008403361;0;0.008403361;0.008403361;0.008403361;0.008403361
25-10-2019 01:00;0;0;0.008403361;0.008403361;0;0.008403361;0;0;0;0.008403361;0;0;0.008403361;0.008403361;0.008403361;0.008403361;0.008403361;0;0;0.008403361;0;0;0.008403361;0.008403361;0;0;0;0;0;0;0;0;0;0;0.008403361;0;0;0;0
25-10-2019 02:00;0;0.008403361;0;0;0;0;0;0.016806723;0;0;0.008403361;0;0;0;0.008403361;0;0.008403361;0.008403361;0.008403361;0.008403361;0;0;0.008403361;0;0.008403361;0;0;0;0;0.008403361;0;0.008403361;0.008403361;0;0;0;0.008403361;0;0
25-10-2019 03:00;0.008403361;0.008403361;0;0.008403361;0.008403361;0.008403361;0.016806723;0;0.008403361;0.016806723;0.016806723;0.008403361;0;0.008403361;0;0.008403361;0;0.008403361;0.008403361;0.008403361;0.008403361;0;0;0;0.008403361;0.008403361;0.016806723;0;0;0.008403361;0.008403361;0;0.008403361;0.008403361;0;0.008403361;0.016806723;0.016806723;0.008403361
25-10-2019 04:00;0.016806723;0.016806723;0.016806723;0.016806723;0.008403361;0.008403361;0.008403361;0;0.008403361;0.025210084;0.008403361;0;0.016806723;0.008403361;0.008403361;0.016806723;0;0;0.016806723;0.008403361;0.016806723;0;0;0;0.008403361;0.016806723;0.008403361;0;0.016806723;0;0.016806723;0.016806723;0;0.025210084;0;0;0.016806723;0.016806723;0.016806723
25-10-2019 05:00;0.016806723;0.008403361;0;0;0.008403361;0.008403361;0.025210084;0.008403361;0;0.025210084;0.008403361;0;0.025210084;0;0;0.025210084;0.008403361;0.008403361;0.016806723;0.008403361;0.025210084;0;0.008403361;0.008403361;0.033613445;0.008403361;0.025210084;0;0.016806723;0.008403361;0.008403361;0.025210084;0.008403361;0.008403361;0.008403361;0.008403361;0.016806723;0.016806723;0.025210084
25-10-2019 06:00;0.025210084;0.008403361;0;0.016806723;0.016806723;0.008403361;0.016806723;0.008403361;0.008403361;0.008403361;0.016806723;0.008403361;0.016806723;0.008403361;0.016806723;0.016806723;0;0.008403361;0.016806723;0.008403361;0.008403361;0;0.008403361;0;0.016806723;0.008403361;0.025210084;0;0.016806723;0.008403361;0.008403361;0.008403361;0.008403361;0.016806723;0;0;0.008403361;0.025210084;0.008403361
25-10-2019 07:00;0.008403361;0.008403361;0.008403361;0.008403361;0.016806723;0.008403361;0.016806723;0.008403361;0.008403361;0.016806723;0;0;0.008403361;0;0.016806723;0.008403361;0.008403361;0.016806723;0.008403361;0.008403361;0.016806723;0;0.016806723;0.008403361;0.008403361;0.016806723;0.008403361;0;0.016806723;0.016806723;0.016806723;0.008403361;0.016806723;0.008403361;0;0;0.025210084;0.016806723;0.016806723
25-10-2019 08:00;0.016806723;0;0;0.016806723;0.008403361;0;0.008403361;0.016806723;0;0.008403361;0.025210084;0;0.008403361;0;0.008403361;0.008403361;0;0.008403361;0.016806723;0.008403361;0.016806723;0;0.008403361;0;0;0.008403361;0.016806723;0;0.008403361;0.008403361;0.008403361;0.008403361;0.008403361;0.016806723;0.008403361;0;0.008403361;0.016806723;0.016806723
25-10-2019 09:00;0;0.016806723;0.008403361;0.008403361;0.008403361;0.016806723;0.016806723;0.016806723;0.008403361;0;0.008403361;0.008403361;0;0;0.008403361;0.008403361;0;0.008403361;0.008403361;0.016806723;0.008403361;0;0.008403361;0;0;0.008403361;0.008403361;0;0.008403361;0.008403361;0;0.008403361;0;0.008403361;0;0;0.016806723;0.008403361;0
25-10-2019 10:00;0.016806723;0.008403361;0.008403361;0.016806723;0.008403361;0;0.016806723;0.016806723;0;0.008403361;0.008403361;0;0.008403361;0.008403361;0.008403361;0;0.016806723;0.008403361;0;0.016806723;0;0;0.008403361;0;0.016806723;0.008403361;0.008403361;0;0.008403361;0.008403361;0.008403361;0.008403361;0.016806723;0.008403361;0;0;0.016806723;0.025210084;0.016806723
25-10-2019 11:00;0.016806723;0.008403361;0.016806723;0.016806723;0.016806723;0.016806723;0.016806723;0.025210084;0.016806723;0.016806723;0.016806723;0.016806723;0.008403361;0;0.016806723;0.016806723;0.016806723;0.016806723;0.016806723;0.016806723;0.025210084;0;0.016806723;0.025210084;0.016806723;0.008403361;0.016806723;0;0.008403361;0.008403361;0.016806723;0.008403361;0.016806723;0.008403361;0.008403361;0;0.008403361;0.016806723;0.008403361
25-10-2019 12:00;0.008403361;0;0;0.008403361;0.008403361;0;0.008403361;0.008403361;0.008403361;0;0.008403361;0;0.016806723;0;0.008403361;0.008403361;0.008403361;0.008403361;0.016806723;0.008403361;0.008403361;0;0.008403361;0;0.008403361;0;0.008403361;0;0.008403361;0.016806723;0;0;0.008403361;0.008403361;0;0;0.008403361;0.008403361;0.008403361
25-10-2019 13:00;0.008403361;0.008403361;0;0.008403361;0.008403361;0;0.025210084;0.008403361;0;0.016806723;0.008403361;0;0;0;0.008403361;0.008403361;0;0.008403361;0;0.008403361;0.008403361;0;0.008403361;0.008403361;0.008403361;0.008403361;0.016806723;0;0.008403361;0.008403361;0.008403361;0.016806723;0;0.008403361;0;0;0.008403361;0.008403361;0.008403361
25-10-2019 14:00;0.008403361;0;0.008403361;0.008403361;0.008403361;0;0.016806723;0.008403361;0;0;0.008403361;0;0.008403361;0;0;0;0;0;0.008403361;0.008403361;0.008403361;0;0;0;0.008403361;0.008403361;0;0;0.008403361;0;0.008403361;0;0.008403361;0;0;0.016806723;0.008403361;0.008403361;0.008403361
25-10-2019 15:00;0;0;0;0.008403361;0;0;0.008403361;0;0;0.008403361;0;0;0;0;0.008403361;0.016806723;0;0;0;0;0;0;0.008403361;0;0.016806723;0.008403361;0.016806723;0;0;0.008403361;0;0;0;0.008403361;0;0;0.016806723;0.008403361;0
25-10-2019 16:00;0;0.008403361;0;0.008403361;0;0.016806723;0.008403361;0;0;0.008403361;0;0;0.008403361;0;0;0.008403361;0;0;0.008403361;0.008403361;0;0;0;0;0.008403361;0.016806723;0.016806723;0;0.016806723;0;0;0.025210084;0;0;0;0;0.008403361;0;0
25-10-2019 17:00;0.008403361;0.008403361;0;0.008403361;0.008403361;0;0.008403361;0.008403361;0;0.008403361;0.008403361;0;0.008403361;0;0.008403361;0.008403361;0;0;0.008403361;0;0.008403361;0;0;0;0.008403361;0.008403361;0.016806723;0;0.008403361;0.008403361;0.008403361;0.016806723;0.008403361;0;0;0;0.016806723;0.008403361;0.008403361
25-10-2019 18:00;0.016806723;0;0;0;0;0.008403361;0.016806723;0;0;0.008403361;0;0;0;0;0;0.016806723;0;0.008403361;0.016806723;0.008403361;0.008403361;0;0.008403361;0;0.008403361;0.008403361;0.025210084;0;0.025210084;0;0.016806723;0.008403361;0.008403361;0.008403361;0;0;0.008403361;0.008403361;0.008403361
25-10-2019 19:00;0.008403361;0.008403361;0;0.025210084;0.016806723;0.008403361;0.008403361;0.008403361;0;0;0;0;0;0;0.016806723;0.008403361;0;0.008403361;0.016806723;0.008403361;0;0;0;0;0;0.008403361;0.016806723;0;0.008403361;0.008403361;0;0.008403361;0.008403361;0.008403361;0;0;0.008403361;0.016806723;0.008403361
25-10-2019 20:00;0.008403361;0;0;0.008403361;0.008403361;0;0.025210084;0.008403361;0;0.008403361;0;0;0;0.016806723;0;0;0;0.008403361;0;0;0.008403361;0;0.008403361;0;0;0;0;0;0;0.016806723;0.008403361;0;0.008403361;0;0;0;0;0.008403361;0
25-10-2019 21:00;0;0;0;0;0;0.008403361;0;0;0;0;0;0;0;0;0.008403361;0;0.008403361;0;0;0.016806723;0;0;0.008403361;0;0;0;0;0;0;0;0;0;0.008403361;0;0;0;0.008403361;0;0.008403361
25-10-2019 22:00;0.008403361;0.008403361;0;0.008403361;0;0;0.008403361;0;0;0;0.033613445;0;0.016806723;0;0;0;0;0;0.016806723;0;0.008403361;0;0;0;0;0.008403361;0.016806723;0;0.008403361;0;0;0;0;0.008403361;0;0;0.008403361;0.008403361;0.008403361
25-10-2019 23:00;0;0;0;0;0.008403361;0;0.008403361;0.008403361;0;0.008403361;0;0.008403361;0.008403361;0.008403361;0.008403361;0.016806723;0.008403361;0.008403361;0.008403361;0.008403361;0;0;0;0.008403361;0;0.008403361;0;0;0;0.008403361;0.016806723;0.008403361;0;0;0;0.008403361;0.008403361;0;0
26-10-2019 00:00;0.008403361;0.008403361;0;0;0.008403361;0;0;0;0;0;0.008403361;0.008403361;0;0;0.008403361;0.008403361;0;0.008403361;0;0.008403361;0;0;0.008403361;0;0;0;0;0;0;0.008403361;0;0.016806723;0.008403361;0;0.008403361;0;0;0.008403361;0
26-10-2019 01:00;0;0;0;0.008403361;0;0.008403361;0;0;0;0.008403361;0;0;0;0;0;0;0;0;0.008403361;0;0.008403361;0;0;0.008403361;0.008403361;0.008403361;0.008403361;0;0.008403361;0;0.008403361;0.008403361;0;0.008403361;0;0;0.008403361;0;0.008403361
26-10-2019 02:00;0;0.008403361;0;0;0.008403361;0;0.008403361;0;0;0.016806723;0.008403361;0;0.008403361;0.008403361;0;0.016806723;0.008403361;0;0.008403361;0.008403361;0;0;0;0;0.008403361;0;0;0;0;0.008403361;0;0;0;0;0;0;0.008403361;0.008403361;0
26-10-2019 03:00;0;0;0;0;0;0;0;0.008403361;0;0.008403361;0;0;0.008403361;0;0;0.008403361;0;0;0.008403361;0;0.008403361;0;0.008403361;0;0.008403361;0.016806723;0.016806723;0;0;0;0;0.016806723;0;0.008403361;0;0;0.016806723;0;0.008403361
26-10-2019 04:00;0.008403361;0.008403361;0.016806723;0;0;0.008403361;0.008403361;0;0.025210084;0;0.008403361;0.008403361;0;0.008403361;0;0.008403361;0;0.008403361;0;0;0.008403361;0;0;0.008403361;0.008403361;0;0.008403361;0;0.016806723;0;0.008403361;0.008403361;0;0.008403361;0.008403361;0.008403361;0.008403361;0;0.008403361
26-10-2019 05:00;0.008403361;0.008403361;0;0.016806723;0.008403361;0.008403361;0.008403361;0.008403361;0.008403361;0.008403361;0.008403361;0.008403361;0.008403361;0.008403361;0.008403361;0.008403361;0.016806723;0;0.016806723;0.008403361;0;0;0;0.008403361;0.008403361;0.008403361;0;0;0;0.008403361;0;0.008403361;0.008403361;0;0.008403361;0.016806723;0.008403361;0.016806723;0.008403361
26-10-2019 06:00;0.008403361;0.008403361;0.008403361;0.008403361;0.008403361;0.008403361;0.008403361;0.008403361;0;0.008403361;0;0.008403361;0.008403361;0;0.008403361;0;0;0.016806723;0;0.008403361;0.008403361;0;0.016806723;0.008403361;0.008403361;0;0.008403361;0;0;0.008403361;0.008403361;0;0.008403361;0.008403361;0.016806723;0;0;0.008403361;0.008403361
26-10-2019 07:00;0;0;0;0;0;0;0;0;0;0.008403361;0.008403361;0;0;0;0;0.008403361;0.008403361;0;0;0;0.008403361;0;0;0;0.008403361;0;0;0;0;0.008403361;0;0;0;0;0;0;0.016806723;0;0.008403361
26-10-2019 08:00;0.008403361;0;0;0.008403361;0.008403361;0;0.016806723;0;0.008403361;0.008403361;0.008403361;0;0.008403361;0;0;0.008403361;0;0;0.008403361;0.008403361;0;0;0;0;0;0.025210084;0;0;0.008403361;0;0;0.008403361;0.008403361;0.008403361;0;0;0.008403361;0.008403361;0.008403361
26-10-2019 09:00;0.008403361;0;0;0.008403361;0.008403361;0;0.008403361;0;0;0;0;0;0;0.008403361;0.008403361;0;0;0;0;0;0.008403361;0;0.008403361;0;0;0;0.008403361;0;0.008403361;0;0;0;0;0.008403361;0;0.008403361;0.008403361;0.008403361;0.008403361
26-10-2019 10:00;0;0;0;0.008403361;0;0;0;0.008403361;0;0;0;0;0;0;0;0;0;0;0;0;0;0;0;0;0;0.008403361;0;0;0;0;0;0;0;0;0;0;0;0.008403361;0
26-10-2019 11:00;0.008403361;0.016806723;0;0;0;0.008403361;0.008403361;0;0.008403361;0.008403361;0.008403361;0;0;0;0;0.008403361;0;0.008403361;0;0;0;0;0;0;0.008403361;0;0;0;0;0;0;0.008403361;0.008403361;0;0.008403361;0;0.008403361;0;0.008403361
26-10-2019 12:00;0;0;0;0;0.008403361;0;0;0;0;0;0;0;0;0.008403361;0;0;0;0;0;0;0;0;0;0.008403361;0;0.008403361;0.016806723;0;0;0;0.008403361;0;0;0;0;0.008403361;0;0;0
26-10-2019 13:00;0;0;0.016806723;0;0;0;0;0;0.008403361;0;0;0.008403361;0;0;0;0.008403361;0;0;0;0;0;0;0;0;0;0;0;0;0;0;0;0;0;0;0;0;0;0;0
26-10-2019 14:00;0;0;0;0;0;0;0;0;0;0;0;0;0;0;0;0;0;0;0.008403361;0.008403361;0;0;0;0;0;0;0;0;0;0;0;0;0;0;0.008403361;0;0;0;0
26-10-2019 15:00;0;0;0;0;0;0;0;0;0;0.008403361;0;0;0;0.008403361;0;0;0;0;0;0;0;0;0;0;0;0;0;0;0;0;0;0;0;0;0;0;0;0;0
26-10-2019 16:00;0;0;0;0;0;0;0;0;0;0;0;0;0;0;0;0;0.016806723;0;0.008403361;0;0;0;0;0.008403361;0;0;0;0;0;0;0;0;0;0;0;0.008403361;0;0;0
26-10-2019 17:00;0;0;0;0;0;0;0;0;0;0;0;0;0;0;0;0;0;0;0;0;0;0;0;0;0;0;0;0;0;0;0;0;0;0;0;0;0;0;0
26-10-2019 18:00;0;0.008403361;0;0;0;0;0;0;0;0;0;0;0;0;0;0;0;0;0;0;0;0;0;0;0;0;0;0;0;0;0;0;0;0;0;0;0;0;0
26-10-2019 19:00;0;0;0;0;0;0;0;0;0;0;0;0;0;0;0;0;0;0;0.008403361;0;0;0;0;0;0;0;0;0;0;0;0;0;0;0;0.008403361;0;0;0;0
26-10-2019 20:00;0;0;0;0;0;0;0;0;0;0;0;0;0;0;0;0;0;0;0;0;0;0;0;0;0;0;0;0;0;0;0;0;0;0;0;0;0;0;0
26-10-2019 21:00;0;0;0;0;0;0;0;0;0;0;0;0;0;0;0;0;0;0;0;0;0;0;0;0;0;0;0;0;0;0.008403361;0;0;0;0;0;0;0;0;0
26-10-2019 22:00;0;0;0;0;0;0;0;0;0;0;0;0;0;0;0;0;0;0;0;0;0;0;0;0;0;0;0;0;0;0;0;0;0;0;0;0;0;0;0
26-10-2019 23:00;0;0;0.008403361;0;0;0;0.008403361;0;0;0;0;0;0;0;0;0;0;0;0;0;0;0;0;0;0;0;0;0;0;0;0;0;0;0;0;0;0;0;0.008403361
27-10-2019 00:00;0;0;0;0;0.008403361;0;0;0;0.008403361;0;0;0;0;0;0;0;0;0;0;0.008403361;0;0;0;0;0;0;0;0;0;0;0;0.008403361;0;0;0;0;0;0.008403361;0
27-10-2019 01:00;0;0.008403361;0;0;0;0.008403361;0;0;0;0;0;0.008403361;0.008403361;0.008403361;0.008403361;0;0;0;0;0;0;0;0;0.008403361;0;0.008403361;0;0;0;0;0;0;0;0;0.008403361;0;0.008403361;0;0
27-10-2019 02:00;0;0.008403361;0.008403361;0;0;0.008403361;0.008403361;0.008403361;0.008403361;0.008403361;0;0.008403361;0;0;0.008403361;0;0;0.008403361;0;0.008403361;0.008403361;0;0;0;0.008403361;0;0.008403361;0;0.008403361;0.008403361;0.008403361;0.008403361;0.008403361;0;0;0;0.008403361;0;0
27-10-2019 03:00;0.008403361;0;0.008403361;0.008403361;0;0;0;0;0;0.008403361;0;0;0.008403361;0;0;0.016806723;0;0;0;0;0;0;0;0;0.008403361;0.016806723;0.008403361;0.008403361;0.008403361;0;0;0.008403361;0;0;0;0;0;0.008403361;0.008403361
27-10-2019 04:00;0;0.008403361;0;0;0.008403361;0;0.008403361;0;0;0.008403361;0.008403361;0;0;0.008403361;0;0;0;0.008403361;0.008403361;0.008403361;0.008403361;0;0;0;0.008403361;0.008403361;0;0;0;0.008403361;0.008403361;0;0.008403361;0.008403361;0;0.008403361;0.016806723;0.008403361;0
27-10-2019 05:00;0.008403361;0;0;0;0.008403361;0;0.008403361;0.008403361;0;0;0.008403361;0;0.008403361;0;0;0.008403361;0.016806723;0;0;0;0.008403361;0;0.016806723;0.008403361;0.008403361;0.008403361;0.008403361;0;0.008403361;0;0;0.008403361;0.008403361;0.008403361;0.008403361;0.008403361;0;0;0.008403361
27-10-2019 06:00;0;0;0;0;0.008403361;0.008403361;0.008403361;0;0.008403361;0.016806723;0;0.008403361;0.008403361;0.008403361;0.008403361;0;0;0;0.008403361;0;0;0;0;0.008403361;0.008403361;0;0.008403361;0;0;0;0.008403361;0;0;0;0.008403361;0;0;0.008403361;0
27-10-2019 07:00;0.008403361;0.008403361;0.008403361;0.008403361;0;0.008403361;0;0;0;0.008403361;0.008403361;0;0.008403361;0;0;0.008403361;0.008403361;0.008403361;0.008403361;0;0;0;0.008403361;0.008403361;0.008403361;0;0.008403361;0.008403361;0.008403361;0.008403361;0.008403361;0;0;0;0;0.008403361;0.008403361;0.008403361;0.008403361
27-10-2019 08:00;0;0;0;0;0.008403361;0;0.008403361;0.008403361;0.008403361;0;0;0.008403361;0;0;0.008403361;0;0;0;0;0;0.008403361;0;0;0;0;0.008403361;0;0;0;0;0;0.008403361;0.008403361;0.008403361;0;0;0;0;0
27-10-2019 09:00;0;0;0;0;0;0;0;0;0;0.008403361;0;0;0;0;0;0;0;0;0;0;0;0;0;0;0;0;0;0;0.008403361;0;0;0;0;0;0;0;0;0;0
27-10-2019 10:00;0;0;0;0;0;0;0;0;0;0;0;0;0;0;0;0.008403361;0;0;0;0;0;0;0;0;0;0;0;0;0;0;0;0;0;0;0;0;0;0;0
27-10-2019 11:00;0;0;0;0;0;0;0;0;0;0;0;0;0;0;0;0;0;0;0;0.016806723;0;0;0;0;0;0;0;0;0;0;0;0;0;0;0.008403361;0;0;0;0
27-10-2019 12:00;0;0;0;0;0;0;0;0;0;0;0;0;0;0;0;0;0;0;0;0;0;0;0;0;0.008403361;0;0;0;0;0;0;0;0;0;0;0;0;0;0
27-10-2019 13:00;0;0;0;0;0;0;0;0;0;0;0;0;0.008403361;0;0;0;0;0;0;0;0;0;0;0;0;0;0;0;0;0;0;0;0;0;0;0;0;0;0
27-10-2019 14:00;0;0;0;0;0;0;0;0;0;0;0;0;0;0;0;0;0;0.008403361;0;0;0;0;0;0;0;0;0;0;0;0;0;0;0;0;0;0;0;0;0
27-10-2019 15:00;0;0;0;0;0;0;0;0;0;0;0;0;0;0;0;0;0;0;0;0;0;0;0;0;0;0;0;0;0;0;0;0;0;0;0;0;0;0;0
27-10-2019 16:00;0;0;0;0;0;0;0;0;0;0;0;0;0;0;0;0;0;0;0;0;0;0;0;0;0;0;0;0;0;0;0;0;0;0;0;0;0;0;0
27-10-2019 17:00;0;0;0;0;0;0;0;0;0;0;0;0;0;0;0;0;0;0;0;0;0;0;0;0;0;0;0;0;0;0;0;0;0;0;0;0;0;0;0
27-10-2019 18:00;0;0;0;0;0;0;0;0;0;0;0;0;0;0;0;0;0;0;0;0;0;0;0;0;0;0;0;0;0;0;0;0;0;0;0;0;0;0;0
27-10-2019 19:00;0;0;0;0;0;0;0;0;0;0;0;0;0;0;0;0;0;0;0;0;0;0;0;0;0;0;0;0;0;0;0;0;0;0;0;0;0;0;0.008403361
27-10-2019 20:00;0;0;0;0;0;0;0;0;0;0;0;0;0;0;0;0;0;0;0;0;0;0;0;0;0;0;0;0;0;0;0;0;0;0;0;0;0;0;0
27-10-2019 21:00;0;0;0;0;0;0;0;0;0;0;0;0;0;0;0;0;0;0;0;0;0;0;0;0;0;0;0;0;0;0;0;0;0;0;0;0;0;0;0
27-10-2019 22:00;0;0;0;0;0;0;0;0;0;0;0;0;0;0;0;0;0;0;0;0;0;0;0;0;0;0;0;0;0;0;0;0;0;0;0;0;0;0;0
27-10-2019 23:00;0;0;0;0;0;0;0;0;0;0;0;0;0;0;0;0;0;0;0;0;0;0;0;0;0;0;0;0;0;0;0;0;0;0;0;0;0;0;0
28-10-2019 00:00;0;0;0;0;0;0;0;0;0;0;0;0;0;0;0;0;0;0;0;0;0;0;0;0;0;0;0;0;0;0;0;0;0;0;0;0;0;0;0
28-10-2019 01:00;0;0;0;0;0;0;0;0;0;0;0;0;0;0;0;0;0;0;0;0;0;0;0;0;0;0;0;0;0;0;0;0;0;0;0;0;0;0;0
28-10-2019 02:00;0;0;0;0;0;0;0;0;0;0;0;0;0;0;0;0;0;0;0;0;0;0;0;0;0;0;0;0;0;0;0;0;0;0;0;0;0;0;0
28-10-2019 03:00;0;0;0;0;0;0;0;0;0;0;0;0;0;0;0;0;0;0;0;0;0;0;0;0;0;0;0;0;0;0;0;0;0;0;0;0;0;0;0
28-10-2019 04:00;0;0;0;0;0;0;0;0;0;0;0;0;0;0;0;0;0;0;0;0;0;0;0;0;0;0;0;0;0;0;0;0;0;0;0;0;0;0;0
28-10-2019 05:00;0;0;0;0;0;0;0;0;0;0;0;0;0;0;0;0;0;0;0;0;0;0;0;0;0;0;0;0;0;0;0;0;0;0;0;0;0;0;0
28-10-2019 06:00;0;0;0;0;0;0;0;0;0;0;0;0;0;0;0;0;0;0;0;0;0;0;0;0;0;0;0;0;0;0;0;0;0;0;0;0;0;0;0
28-10-2019 07:00;0;0;0;0;0;0;0;0;0;0;0;0;0;0;0;0;0;0;0;0;0;0;0;0;0;0;0;0;0;0;0;0;0;0;0;0;0;0;0
28-10-2019 08:00;0;0;0;0;0;0;0;0;0;0;0;0;0;0;0;0;0;0;0;0;0;0;0;0;0;0;0;0;0;0;0;0;0;0;0;0;0;0;0
28-10-2019 09:00;0;0;0;0;0;0;0;0;0;0;0;0;0;0;0;0;0;0;0;0;0;0;0;0;0;0;0;0;0;0;0;0;0;0;0;0;0;0;0
28-10-2019 10:00;0;0;0;0;0;0;0;0;0;0;0.016806723;0;0;0;0;0;0;0;0;0;0;0;0;0;0;0;0;0;0;0;0;0;0;0;0;0;0;0;0
28-10-2019 11:00;0;0;0;0;0;0;0;0;0;0;0;0;0;0;0;0;0;0;0;0;0;0;0;0;0;0;0;0;0;0;0;0;0;0;0;0;0;0;0
28-10-2019 12:00;0;0;0;0;0.008403361;0;0;0;0;0;0;0;0;0;0;0;0;0;0;0;0;0;0;0;0;0;0;0;0;0;0;0;0;0;0;0;0;0;0
28-10-2019 13:00;0;0;0;0;0;0;0;0;0;0;0;0;0;0;0;0;0;0;0;0;0;0;0;0;0;0;0;0;0;0;0;0;0;0;0;0;0;0;0
28-10-2019 14:00;0;0;0;0;0;0;0;0;0;0;0;0;0;0;0;0;0;0;0;0;0;0;0;0;0;0;0;0;0;0;0;0;0;0;0;0;0;0;0
28-10-2019 15:00;0;0;0;0;0;0;0;0;0;0;0;0;0;0;0;0;0;0;0;0;0;0;0;0;0;0;0;0;0;0;0;0;0;0;0;0;0;0;0
28-10-2019 16:00;0;0;0;0;0;0;0;0;0;0;0;0;0;0;0;0;0;0;0;0;0;0;0;0;0;0;0;0;0;0;0;0;0;0;0;0;0;0;0
28-10-2019 17:00;0;0;0;0;0;0;0;0;0;0;0;0;0;0;0;0;0;0;0;0;0;0;0;0;0;0;0;0;0;0;0;0;0;0;0;0;0;0;0
28-10-2019 18:00;0;0;0;0;0;0;0;0;0;0;0;0;0;0;0;0;0;0;0;0;0;0;0;0;0;0;0;0;0;0;0;0;0;0;0;0;0;0;0
28-10-2019 19:00;0;0;0;0;0;0;0;0;0;0;0;0;0;0;0;0;0;0;0;0;0;0;0;0;0;0;0;0;0;0;0;0;0;0;0;0;0;0;0
28-10-2019 20:00;0;0;0;0;0;0;0;0;0;0;0;0;0;0;0;0;0;0;0;0;0;0;0;0;0;0;0;0;0;0;0;0;0;0;0;0;0;0;0
28-10-2019 21:00;0;0;0;0;0;0;0;0;0;0;0;0;0;0;0;0;0;0;0;0;0;0;0;0;0;0;0;0;0;0;0;0;0;0;0;0;0;0;0
28-10-2019 22:00;0;0;0;0;0;0;0;0;0;0;0;0;0;0;0;0;0;0;0;0;0;0;0;0;0;0;0;0;0;0;0;0;0;0;0;0;0;0;0
28-10-2019 23:00;0;0;0;0;0;0;0;0;0;0;0;0;0;0;0;0;0;0;0;0;0;0;0;0;0;0;0;0;0;0;0;0;0;0;0;0;0;0;0
29-10-2019 00:00;0;0;0;0;0;0;0;0;0;0;0;0;0;0;0;0;0;0;0;0;0;0;0;0;0;0;0;0;0;0;0;0;0;0;0;0;0;0;0
29-10-2019 01:00;0;0;0;0;0;0;0;0;0;0;0;0;0;0;0;0;0;0;0;0;0;0;0;0;0;0;0;0;0;0;0;0;0;0;0;0;0;0;0
29-10-2019 02:00;0;0;0;0;0;0;0;0;0;0;0;0;0;0;0;0;0;0;0;0;0;0;0;0;0;0;0;0;0;0;0;0;0;0;0;0;0;0;0
29-10-2019 03:00;0;0;0;0;0;0;0;0;0;0;0;0;0;0;0;0;0;0;0;0;0;0;0;0;0;0;0;0;0;0;0;0;0;0;0;0;0;0;0
29-10-2019 04:00;0;0;0;0;0;0;0;0;0;0;0;0;0;0;0;0;0;0;0;0;0;0;0;0;0;0;0;0;0;0;0;0;0;0;0;0;0;0;0
29-10-2019 05:00;0;0;0;0;0;0;0;0;0;0;0;0;0;0;0;0;0;0;0;0;0;0;0;0;0;0;0;0;0;0;0;0;0;0;0;0;0;0;0
29-10-2019 06:00;0;0;0;0;0;0;0;0;0;0;0;0;0;0;0;0;0;0;0;0;0;0;0;0;0;0;0;0;0;0;0;0;0;0;0;0;0;0;0
29-10-2019 07:00;0;0;0;0;0;0;0;0;0;0;0;0;0;0;0;0;0;0;0;0;0;0;0;0;0;0;0;0;0;0;0;0;0;0;0;0;0;0.008403361;0
29-10-2019 08:00;0;0;0;0;0;0;0;0;0;0;0;0;0;0;0;0;0;0;0;0;0;0;0;0;0;0;0;0;0;0;0;0;0;0;0;0;0;0;0
29-10-2019 09:00;0;0;0;0;0;0;0;0;0;0;0;0;0;0;0;0;0;0;0;0;0;0;0;0;0;0;0;0;0;0;0;0;0;0;0;0;0;0;0
29-10-2019 10:00;0;0;0;0;0;0;0;0;0;0;0;0;0;0;0;0;0;0;0;0;0;0;0;0;0;0;0;0;0;0;0;0;0;0;0;0;0;0;0
29-10-2019 11:00;0;0;0;0;0;0;0;0;0;0;0;0;0;0;0;0;0;0;0;0;0;0;0;0;0;0;0.016806723;0;0;0;0;0;0;0;0;0;0;0;0
29-10-2019 12:00;0;0;0;0;0;0;0;0;0;0;0;0;0;0;0;0;0;0;0;0;0;0;0;0;0;0;0;0;0;0;0;0;0;0;0;0;0;0;0
29-10-2019 13:00;0;0;0;0;0;0;0;0;0;0;0;0;0;0;0;0;0;0;0;0;0;0;0;0;0;0;0;0;0;0;0;0;0;0;0;0;0;0;0
29-10-2019 14:00;0;0;0;0;0;0;0;0;0;0;0;0;0;0;0;0;0;0;0;0;0;0;0;0;0;0;0;0;0;0;0;0;0;0;0;0;0;0;0
29-10-2019 15:00;0;0;0;0;0;0;0;0;0;0;0;0;0;0;0;0;0;0;0;0;0;0;0;0;0;0;0;0;0;0;0;0;0;0;0;0;0;0;0
29-10-2019 16:00;0;0;0;0;0;0;0;0;0;0;0;0;0;0;0;0;0;0;0;0;0;0;0;0;0;0;0;0;0;0;0;0;0;0;0;0;0;0;0
29-10-2019 17:00;0;0;0;0;0;0;0;0;0;0;0;0;0;0;0;0;0;0;0;0;0;0;0;0;0;0;0;0;0;0;0;0;0;0;0;0;0;0;0
29-10-2019 18:00;0;0;0;0;0;0;0;0;0;0;0;0;0;0;0;0;0;0;0;0;0;0;0;0;0;0;0;0;0;0;0;0;0;0;0;0;0;0;0
29-10-2019 19:00;0;0;0;0;0;0;0;0;0;0;0;0;0;0;0;0;0;0;0;0;0;0;0;0;0;0;0;0;0;0;0;0;0;0;0;0;0;0;0
29-10-2019 20:00;0;0;0;0;0;0;0;0;0;0;0;0;0;0;0;0;0;0;0;0;0;0;0;0;0;0;0;0;0;0;0;0;0;0;0;0;0;0;0
29-10-2019 21:00;0;0;0;0;0;0;0;0;0;0;0;0;0;0;0;0;0;0;0;0;0;0;0;0;0;0;0;0;0;0;0;0;0;0;0;0;0;0;0
29-10-2019 22:00;0;0;0;0;0;0;0;0;0;0;0;0;0;0;0;0;0;0;0;0;0;0;0;0;0;0;0;0;0;0;0;0;0;0;0;0;0;0;0
29-10-2019 23:00;0;0;0;0;0;0;0;0;0;0;0;0;0;0;0;0;0;0;0;0;0;0;0;0;0;0;0;0;0;0;0;0;0;0;0;0;0;0;0
30-10-2019 00:00;0;0;0;0;0;0;0;0;0;0;0;0;0;0;0;0;0;0;0;0;0;0;0;0;0;0;0;0;0;0;0;0;0;0;0;0;0;0;0
30-10-2019 01:00;0;0;0;0;0;0;0;0;0;0;0;0;0;0;0;0;0;0;0;0;0;0;0;0;0;0;0;0;0;0;0;0;0;0;0;0;0;0;0
30-10-2019 02:00;0;0;0;0;0;0;0;0;0;0;0;0;0;0;0;0;0;0;0;0;0;0;0;0;0;0;0;0;0;0;0;0;0;0;0;0;0;0;0
30-10-2019 03:00;0;0;0;0;0;0;0;0;0;0;0;0;0;0;0;0;0;0;0;0;0;0;0;0;0;0;0;0;0;0;0;0;0;0;0;0;0;0;0
30-10-2019 04:00;0;0;0;0;0;0;0;0;0;0;0;0;0;0;0;0;0;0;0;0;0;0;0;0;0;0;0;0;0;0;0;0;0;0;0;0;0;0;0
30-10-2019 05:00;0;0;0;0;0;0;0;0;0;0;0;0;0;0;0;0;0;0;0;0;0;0;0;0;0;0;0;0;0;0;0;0;0;0;0;0;0;0;0
30-10-2019 06:00;0;0;0;0;0;0;0;0;0;0;0;0;0;0;0;0;0;0;0;0;0;0;0;0;0;0;0;0;0;0;0;0;0;0;0;0;0;0;0
30-10-2019 07:00;0;0;0;0;0;0;0;0;0;0;0;0;0;0;0;0;0;0;0;0;0;0;0;0;0;0;0;0;0;0;0;0;0;0;0;0;0;0;0
30-10-2019 08:00;0;0;0;0;0;0;0;0;0;0;0;0;0;0;0;0;0;0;0;0;0;0;0;0;0;0;0;0;0;0;0;0;0;0;0;0;0;0;0
30-10-2019 09:00;0;0;0;0;0;0;0;0;0;0;0;0;0;0;0;0;0;0;0;0;0;0;0;0;0;0;0;0;0;0;0;0;0;0;0;0;0;0;0
30-10-2019 10:00;0;0;0;0;0;0;0;0;0;0;0;0;0;0;0;0;0;0;0;0;0;0;0;0;0;0;0;0;0;0;0;0;0;0;0;0;0;0;0
30-10-2019 11:00;0;0;0;0;0;0;0;0;0;0;0;0;0;0;0;0;0;0;0;0;0;0;0;0;0;0;0;0;0;0;0;0;0;0;0;0;0;0;0.016806723
30-10-2019 12:00;0;0;0;0;0;0;0;0;0;0;0;0;0;0;0;0;0;0;0.016806723;0;0;0;0;0;0;0;0;0;0;0;0;0;0;0;0;0;0;0;0
30-10-2019 13:00;0;0;0;0;0;0;0;0;0;0;0;0;0;0;0;0;0;0;0;0;0;0;0;0;0;0;0;0;0;0;0;0;0;0;0;0;0;0;0
30-10-2019 14:00;0;0;0;0;0;0;0;0;0;0;0;0;0;0;0;0;0;0;0;0;0;0;0;0;0;0;0;0;0;0;0.016806723;0;0;0;0;0;0;0;0
30-10-2019 15:00;0;0;0;0;0;0;0;0;0;0;0;0;0;0;0;0;0;0;0;0;0;0;0;0;0;0;0;0;0;0;0;0;0;0;0;0;0;0;0
30-10-2019 16:00;0;0;0;0;0;0;0;0;0;0;0;0;0;0;0;0;0;0;0;0;0;0;0;0;0;0;0;0;0;0;0;0;0;0;0;0;0;0;0
30-10-2019 17:00;0;0;0;0;0;0;0;0;0;0;0;0;0;0;0;0;0;0;0;0;0;0;0;0;0;0;0;0;0;0;0;0;0;0;0;0;0;0;0
30-10-2019 18:00;0;0;0;0;0;0;0;0;0;0;0;0;0;0;0;0;0;0;0;0;0;0;0;0;0;0;0;0;0;0;0;0;0;0;0;0;0;0;0
30-10-2019 19:00;0;0;0;0;0;0;0;0;0;0;0;0;0;0;0;0;0;0;0;0;0;0;0;0;0;0;0;0;0;0;0;0;0;0;0;0;0;0;0
30-10-2019 20:00;0;0;0;0;0;0;0;0;0;0;0;0;0;0;0;0;0;0;0.008403361;0;0;0;0;0;0;0;0;0;0;0;0;0;0;0;0;0;0;0;0
30-10-2019 21:00;0;0;0;0;0;0;0;0;0;0;0;0;0;0;0;0;0;0;0;0;0;0;0;0;0;0;0;0;0;0;0;0;0;0;0;0;0;0;0
30-10-2019 22:00;0;0;0;0;0;0;0;0;0;0;0;0;0;0;0;0;0;0;0;0;0;0;0;0;0;0;0;0;0;0;0;0;0;0;0;0;0;0;0
30-10-2019 23:00;0;0;0;0;0;0;0;0;0;0;0;0;0;0;0;0;0;0;0;0;0;0;0;0;0;0;0;0;0;0;0;0;0;0;0;0;0;0;0
31-10-2019 00:00;0;0;0;0;0;0;0;0;0;0;0;0;0;0;0;0;0;0;0;0;0;0;0;0;0;0;0;0;0;0;0;0;0;0;0;0;0;0;0
31-10-2019 01:00;0;0;0;0;0;0;0;0;0;0;0;0;0;0;0;0;0;0;0;0;0;0;0;0;0;0;0;0;0;0;0;0;0;0;0;0;0;0;0
31-10-2019 02:00;0;0;0;0;0;0;0;0;0;0;0;0;0;0;0;0;0;0;0;0;0;0;0;0;0;0;0;0;0;0;0;0;0;0;0;0;0;0;0
31-10-2019 03:00;0;0;0;0;0;0;0;0;0;0;0;0;0;0;0;0;0;0;0;0;0;0;0;0;0;0;0;0;0;0;0;0;0;0;0;0;0;0;0
31-10-2019 04:00;0;0;0;0;0;0;0;0;0;0;0;0;0;0;0;0;0;0;0;0;0;0;0;0;0;0;0;0;0;0;0;0;0;0;0;0;0;0;0
31-10-2019 05:00;0;0;0;0;0;0;0;0;0;0;0;0;0;0;0;0;0;0;0;0;0;0;0;0;0;0;0;0;0;0;0;0;0;0;0;0;0;0;0
31-10-2019 06:00;0;0;0;0;0;0;0;0;0;0;0;0;0;0;0;0;0;0;0;0;0;0;0;0;0;0;0;0;0;0;0;0;0;0;0;0;0;0;0
31-10-2019 07:00;0;0;0;0;0;0;0;0;0;0;0;0;0;0;0;0;0;0;0;0;0;0;0;0;0;0;0;0;0;0;0;0;0;0;0;0;0;0;0
31-10-2019 08:00;0;0;0;0;0;0;0;0;0;0;0;0;0;0;0;0;0;0;0;0;0;0;0;0;0;0;0;0;0;0;0;0;0;0;0;0;0;0;0
31-10-2019 09:00;0;0;0;0;0;0;0;0;0;0;0;0;0;0;0;0;0;0;0;0;0;0;0;0;0;0;0;0;0;0;0;0;0;0;0;0;0;0;0
31-10-2019 10:00;0;0;0;0;0;0;0;0;0;0;0;0;0;0;0;0.016806723;0;0;0;0;0;0;0;0;0;0;0;0;0;0;0;0;0;0;0;0;0;0;0
31-10-2019 11:00;0;0;0;0;0;0;0;0;0;0.033613445;0;0;0;0;0;0;0;0;0;0;0;0;0;0;0;0;0;0;0;0;0;0;0;0;0;0;0;0;0
31-10-2019 12:00;0;0;0;0;0;0;0;0;0;0;0;0;0;0;0;0;0;0;0;0;0;0;0;0;0;0;0;0;0;0;0;0;0;0;0;0;0;0;0
31-10-2019 13:00;0;0;0;0;0;0;0;0;0;0;0;0;0;0;0;0;0;0;0;0;0;0;0;0;0;0;0;0;0;0;0;0;0;0;0;0;0;0;0
31-10-2019 14:00;0;0;0;0;0;0;0;0;0;0;0;0;0;0;0;0;0;0;0;0;0;0;0;0;0;0;0;0;0;0;0;0;0;0;0;0;0;0;0
31-10-2019 15:00;0;0;0;0;0;0;0;0;0;0;0;0;0;0;0;0;0;0;0;0;0;0;0;0;0;0;0;0;0;0;0;0;0;0;0;0;0;0;0
31-10-2019 16:00;0;0;0;0;0;0;0;0;0;0;0;0;0;0;0;0;0;0;0;0;0;0;0;0;0;0;0;0;0;0;0;0;0;0;0;0;0;0;0
31-10-2019 17:00;0;0;0;0;0;0;0;0;0;0;0;0;0;0;0;0;0;0;0;0;0;0;0;0;0;0;0;0;0;0;0;0;0;0;0;0;0;0;0
31-10-2019 18:00;0;0;0;0;0;0;0;0;0;0;0;0;0;0;0;0;0;0;0;0;0;0;0;0;0;0;0;0;0;0;0;0;0;0;0;0;0;0;0
31-10-2019 19:00;0;0;0;0;0;0;0;0;0;0;0;0;0;0;0;0;0;0;0;0;0;0;0;0;0;0;0;0;0;0;0;0;0;0;0;0;0;0;0
31-10-2019 20:00;0;0;0;0;0;0;0;0;0;0;0;0;0;0;0;0;0;0;0;0;0;0;0;0;0;0;0;0;0;0;0;0;0;0;0;0;0;0;0
31-10-2019 21:00;0;0;0;0;0;0;0;0;0;0;0;0;0;0;0;0;0;0;0;0;0;0;0;0;0;0;0;0;0;0;0;0;0;0;0;0;0;0;0
31-10-2019 22:00;0;0;0;0;0;0;0;0;0;0;0;0;0;0;0;0;0;0;0;0;0;0;0;0;0;0;0;0;0;0;0;0;0;0;0;0;0;0;0
31-10-2019 23:00;0;0;0;0;0;0;0;0;0;0;0;0;0;0;0;0;0;0;0;0;0;0;0;0;0;0;0;0;0;0;0;0;0;0;0;0;0;0;0
